

#
# Dumping data for table `atemi_lex_lexique`
#

INSERT INTO `atemi_lex_lexique` (`idLexique`, `idFamily`, `idSelecteur`, `idCaption`, `idProperty`, `name`, `icone`, `introtext`, `showmode`, `actif`, `ordre`, `nbmsgbypage`, `searchSeeAlsoMode`, `detailShowShortDef`, `detailShowDefinition`, `detailShowInterligne`, `detailShowButtons`, `buttonPosition`, `detailShowId`, `detailShowProperty`, `seealsomode`, `synchroniseterme`, `detailShowSeeAlso`, `detailSeeAlsoShowing`, `intlinksicon`, `iconolink`, `icolink`, `icoref`, `icosize`, `intlinkspopup`, `intlinksheight`, `intlinkswidth`, `nbtermebypage`, `detailSeeAlsoCache`, `detailGererVisit`, `detailShowVisit`, `showcategory`, `showIndexCategory`, `intautosubmit`, `anonpost`, `sendmail2webmaster`, `mail4webmaster`) VALUES (1, 1, 5, 0, 0, 'Japonais - Français', 'livre1.gif', 'Petit lexique à l\'usage des pratiquants, ce dictionnaire ne prétend pas vous apprendre le japonais, mais juste vous aider à mieux comprendre la terminologie utilisée dans les arts martiaux, notamment l\'aïkido, le iaïdo, le kobudo, ect.<br />Votre participation sera le bien venue pour le complèter, l\'améliorer ou le corriger. <p align="center"><a href="mailto:jjd@wakasensei.fr">J°J°D</a> </p>', 0, 1, 0, 10, 0, 1, 1, 1, 255, 2, 0, 0, 1, 0, 4, 0, 1, 6, 5, 3, 0, 0, 420, 350, 10, 0, 0, 0, 1, 0, 1, 1, 1, 'jjd@kiolo.com'),
(2, 1, 4, 0, 0, 'Français - Japonais', 'repertoire1.gif', '', 1, 0, 0, 10, 0, 1, 1, 0, 255, 2, 0, 0, 0, 0, 0, 0, 1, 6, 5, 3, 1, 1, 420, 350, 10, 1, 0, 0, 1, 0, 1, 1, 1, 'jjd@kiolo.com'),
(3, 4, 5, 2, 1, 'Librairie', 'livres3.gif', '<em>Ce dictionaire répertorie une liste non exhaustive de <strong>livres</strong> , de <strong>films</strong> de <strong>CDRom</strong> , ... concernant <strong>les arts martiaux et la culture japonaise</strong> . Si vous souhaitez y voir figurer des titres non répertoriés, envoyez moi une image de la couverture ou de la pochette ainsi q\'un résumé ou le texte au dos du livre.</em>', 0, 1, 0, 3, 0, 1, 7, 1, 255, 0, 0, 1, 0, 0, 0, 0, 1, 6, 5, 3, 1, 1, 420, 350, 10, 1, 0, 0, 1, 0, 1, 1, 1, 'jjd@kiolo.com'),
(4, 5, 5, 1, 2, 'Sommités', 'personne1.gif', 'Ce lexique répertorie les grandes personnalités qui ont influées dans le monde des arts martiaux. Si vous souhaitez y voir figurer quelqu\'un qui aurait été oublié, faites moi parvenir une petite biographie, et les apports qu\'il a eu dans et dans quelles disciplines.', 0, 1, 0, 10, 0, 1, 7, 0, 255, 2, 0, 0, 0, 0, 0, 0, 1, 6, 5, 3, 1, 1, 420, 350, 10, 1, 0, 0, 1, 0, 1, 1, 1, 'jjd@kiolo.com'),
(5, 5, 4, 3, 4, 'Club', 'dib_0058.gif', 'Ici sont répertoriés les clubs d\'aïkido, aïkibudo, kobudo et affinitaires.<br /><a href="mailto:jjd@wakasensei.fr">Tenez moi au courant de modification dans les coordonnées afin de maintenir cette liste à jour.</a> ', 0, 1, 99, 10, 3, 1, 5, 1, 255, 2, 0, 0, 0, 0, 4, 0, 0, 6, 5, 3, 0, 0, 420, 350, 8, 1, 1, 1, 1, 0, 1, 1, 1, 'jjd@wakasensei.fr');
# --------------------------------------------------------



#
# Dumping data for table `atemi_lex_propertyval`
#

INSERT INTO `atemi_lex_propertyval` (`idPropertySet`, `idTerme`, `value`) VALUES (5, 362, 'Française'),
(4, 362, 'oui'),
(1, 362, '13,95 €'),
(22, 362, ''),
(6, 363, ' 1571-1646'),
(7, 363, ' Budo'),
(8, 363, ''),
(9, 363, ''),
(8, 348, ''),
(7, 348, ' Aïkido'),
(6, 348, ' 2 mars 1933 à nos juors'),
(9, 348, ''),
(9, 347, ''),
(8, 347, ''),
(7, 347, ''),
(6, 347, ''),
(5, 361, ''),
(4, 361, ''),
(1, 361, ' 14,25 €'),
(22, 361, ''),
(22, 360, ''),
(1, 360, ' 45.00 euros'),
(5, 360, ''),
(5, 364, ' française'),
(3, 354, ''),
(5, 354, ''),
(4, 354, ''),
(1, 354, ''),
(22, 354, ''),
(10, 354, ''),
(10, 351, ' 272070033-9'),
(3, 351, ' 5/5'),
(5, 351, ' française'),
(4, 351, ''),
(1, 351, ' 120.00 fr.'),
(22, 364, ''),
(5, 365, 'française'),
(4, 365, 'Plus édité'),
(1, 365, '8.30 fr'),
(22, 365, ''),
(10, 365, ''),
(12, 355, ' Française'),
(9, 355, ''),
(9, 350, ''),
(8, 350, ''),
(7, 350, ''),
(6, 350, ''),
(6, 349, ''),
(7, 349, ''),
(8, 349, ''),
(9, 349, ''),
(6, 345, ''),
(7, 345, ''),
(8, 345, ''),
(9, 345, ''),
(4, 364, ''),
(1, 364, ' 48.00 fr.'),
(10, 364, ' 2-86714-036-6'),
(10, 362, ' 2-84617-065-7'),
(4, 360, ' 4ème édition.'),
(10, 360, ' ISBN: 9 782851 806604'),
(3, 353, ''),
(5, 353, ''),
(4, 353, ''),
(1, 353, ''),
(22, 353, ''),
(10, 353, ''),
(2, 353, ''),
(22, 351, ''),
(2, 351, 'éditions de la courtille'),
(10, 361, ''),
(2, 354, ''),
(12, 340, ''),
(9, 340, ''),
(8, 340, ''),
(6, 340, ''),
(8, 355, ''),
(6, 355, '????-1962'),
(2, 365, ' Marabout'),
(2, 364, ' Pardès'),
(2, 362, 'Budo éditions'),
(2, 361, ' eyrolles'),
(2, 360, ' Amphora'),
(20, 366, 'http://ace.wakasensei.fr'),
(19, 366, 'ace@wakasensei.fr'),
(18, 366, ''),
(17, 366, 'france'),
(14, 366, ''),
(15, 366, '91'),
(16, 366, 'Saint Germain Lèes Arpajon'),
(13, 366, ' Gymnase Babin'),
(11, 367, '02/1984'),
(3, 367, ''),
(5, 367, ' française'),
(4, 367, ''),
(1, 367, ' 13 €uros'),
(5, 368, ' Française'),
(4, 368, ' épuisé'),
(1, 368, ' 60 fr.'),
(22, 368, ''),
(22, 367, ''),
(11, 369, ' 1962'),
(3, 369, ''),
(5, 369, ''),
(4, 369, ''),
(1, 369, '35 €'),
(22, 369, ''),
(3, 370, ''),
(5, 370, 'Française'),
(4, 370, ''),
(1, 370, ''),
(22, 370, ''),
(10, 369, ''),
(10, 370, ''),
(2, 370, ' Chiron'),
(2, 369, ' Louis-Jean'),
(21, 371, 'Jean Zin'),
(11, 371, '1960'),
(3, 371, ''),
(5, 371, 'Française'),
(4, 371, ''),
(1, 371, ''),
(22, 371, ' 139'),
(10, 371, ''),
(2, 371, ' Louis Jean'),
(3, 372, ''),
(5, 372, ' Française'),
(4, 372, ''),
(1, 372, ' 133 fr'),
(22, 372, ''),
(10, 372, ' 2.85707.991.5'),
(2, 372, 'Guy trédaniel'),
(21, 373, ''),
(11, 373, ''),
(3, 373, ''),
(5, 373, ''),
(4, 373, ''),
(1, 373, ''),
(22, 373, ''),
(10, 373, ''),
(2, 373, ''),
(11, 372, ' 1998'),
(21, 372, ''),
(11, 370, ' 1960'),
(21, 370, ' Jean-Zin'),
(3, 364, ''),
(11, 364, ' octobre 1987'),
(21, 364, ''),
(10, 368, ''),
(2, 368, ' Judogi'),
(3, 360, ''),
(11, 360, ''),
(21, 360, ''),
(11, 353, ''),
(21, 353, ''),
(3, 368, ''),
(11, 368, ' 1985'),
(21, 368, ''),
(10, 367, '9 782901 551249'),
(2, 367, ' Sedirep'),
(21, 367, ''),
(11, 351, ' mai 1976'),
(21, 351, ''),
(3, 362, '5/5'),
(11, 362, ''),
(21, 362, ''),
(11, 354, ''),
(21, 354, ''),
(21, 369, ''),
(3, 365, ''),
(11, 365, ' 1967'),
(21, 365, ''),
(3, 361, ''),
(11, 361, ''),
(21, 361, '');
# --------------------------------------------------------


#
# Dumping data for table `atemi_lex_terme`
#

INSERT INTO `atemi_lex_terme` (`idTerme`, `idlexique`, `idSeeAlso`, `letter`, `name`, `shortDef`, `definition1`, `definition2`, `definition3`, `seealso`, `seeAlsoList`, `seealsostatus`, `state`, `comments`, `categoryBin`, `category`, `visit`, `reference`, `templink`, `tempCategory`, `user`, `userTS`) VALUES (4, 1, 4, 'A', 'aruku', 'marcher, la marche.', 'Marcher, la marche. L\'aiïkido adopte plusieurs technique de marche selon les circonstances. Debout ou à genoux, glissé, croisée, sans changer de garde. Combiné avec les divers taïsabki, cela confère une très grande richesse de déplacement.', '', '', '289/332', '289/332', 1, 'O', 0, 3, '11000000000000000000000000000000', 105, 1, '', 'Technique - Bases', 'JJD', 20070601144751),
(5, 1, 5, 'A', 'ashi', 'jambe, jambière.', 'Désigne les techniques de jambes.', '', '', '288', '288', 1, 'O', 0, 3, '00000000000000000000000000000000', 98, 0, '', '', 'JJD', 20070513012451),
(6, 1, 6, 'A', 'atemi', 'Frapper', 'de "ateru": frapper, donner un coup.<br />Ensemble des coups utilisés dans les arts martiaux, coups de poing, de pied, coude, …', '', '', '', '', 1, 'O', 0, 3, '10000000000000000000000000000000', 98, 0, '', 'Technique', 'JJD', 20070601144751),
(7, 1, 7, 'A', 'ateru', 'de ateru frapper juste.', 'Frapper juste.', '', '', '6', '6', 1, 'O', 0, 3, '00000000000000000000000000000000', 98, 0, '', '', 'JJD', 20070513012451),
(8, 1, 8, 'A', 'ayumi ashi', 'marche naturelle.', 'marche naturelle en alternant jambe gauche et droite.', '', '', '194/335', '194/335', 1, 'O', 0, 3, '00000000000000000000000000000000', 101, 0, '', '', 'JJD', 20070513012451),
(11, 1, 11, 'B', 'bo', 'bois.', 'Qualifie toutes les armes utilisée pour l\'entrainement comme le tambo, le boken, …', '', '', '60/228/232', '60/228/232', 1, 'O', 0, 3, '00000001000000000000000000000000', 18, 0, '', 'Equipement', 'JJD', 20070601144751),
(12, 1, 12, 'B', 'bo', 'bâton mesurant environ 1,80 m.', 'bâton mesurant environ 1,80 m.', '', '', '', '', 1, 'O', 0, 3, '00000001000000000000000000000000', 18, 0, '', 'Equipement', 'JJD', 20070601144751),
(13, 1, 13, 'D', 'daoshi', 'Renversement. De Taoshi, renverser.', 'Terme utiliser dans les technique de renversement.', '', '', '', '', 1, 'O', 0, 3, '00000000000000000000000000000000', 9, 0, '', '', 'JJD', 20070410140313),
(15, 1, 15, 'E', 'enza', 'position assise en tailleur.', 'position assise en tailleur.', '', '', '', '', 1, 'O', 0, 3, '00000000000000000000000000000000', 10, 0, '', '', 'JJD', 20070410140313),
(16, 1, 16, 'E', 'eri', 'le col.', 'le col.', '', '', '', '', 1, 'O', 0, 3, '00000000000000000000000000000000', 10, 0, '', '', 'JJD', 20070410140313),
(18, 1, 18, 'F', 'fusse', 'de Fusseru, coucher, baiser.', 'de Fusseru, coucher, baiser.', '', '', '', '', 1, 'O', 0, 3, '00000000000000000000000000000000', 7, 0, '', '', 'JJD', 20070410140313),
(19, 1, 19, 'F', 'futu', 'Futtari, deux personnes.', 'Futtari, deux personnes.', '', '', '', '', 1, 'O', 0, 3, '00000000000000000000000000000000', 7, 0, '', '', 'JJD', 20070410140313),
(20, 1, 20, 'G', 'gai', 'extérieur, étranger.', 'extérieur, étranger.', '', '', '', '', 1, 'O', 0, 3, '00000000000000000000000000000000', 12, 0, '', '', 'JJD', 20070410140313),
(21, 1, 21, 'G', 'gaeshi', '(Kaeshi), renverser, retourner.', 'Terme utilisé pour qualifier les techniques de retournement', '', '', '', '', 1, 'O', 0, 3, '00000000000000000000000000000000', 12, 0, '', '', 'JJD', 20070410140313),
(23, 1, 23, 'G', 'garami', 'de Kamaru, emmêler.', 'de Kamaru, emmêler.', '', '', '', '', 1, 'O', 0, 3, '00000000000000000000000000000000', 12, 0, '', '', 'JJD', 20070410140313),
(24, 1, 24, 'G', 'ge', 'bas.', 'présise le niveau d\'un attaque ', '', '', '', '', 1, 'O', 0, 3, '00000000000000000000000000000000', 12, 0, '', '', 'JJD', 20070410140313),
(26, 1, 26, 'G', 'genko', 'le poing.', 'le poing.', '', '', '', '', 1, 'O', 0, 3, '00000000000000000000000000000000', 12, 0, '', '', 'JJD', 20070410140313),
(27, 1, 27, 'G', 'gen', 'Ken, sabre.', 'Ken, sabre.', '', '', '', '', 1, 'O', 0, 3, '00000000000000000000000000000000', 12, 0, '', '', 'JJD', 20070410140313),
(29, 1, 29, 'H', 'haïto', 'revers de Sabre.', 'revers de Sabre.', '', '', '', '', 1, 'O', 0, 3, '00000000000000000000000000000000', 10, 0, '', '', 'JJD', 20070410140313),
(30, 1, 30, 'H', 'haigo', 'revers, derrière.', 'revers, derrière.', '', '', '', '', 1, 'O', 0, 3, '00000000000000000000000000000000', 10, 0, '', '', 'JJD', 20070410140313),
(32, 1, 32, 'H', 'hakama', 'vêtement traditionnel japonais, sorte de jupe pantalon.', 'vêtement traditionnel japonais, sorte de jupe pantalon.', '', '', '', '', 1, 'O', 0, 3, '00000000000000000000000000000000', 10, 0, '', '', 'JJD', 20070410140313),
(33, 1, 33, 'H', 'han', 'demi, moitié.', 'demi, moitié.', '', '', '', '', 1, 'O', 0, 3, '00000000000000000000000000000000', 10, 0, '', '', 'JJD', 20070410140313),
(34, 1, 34, 'H', 'hanmi', 'profil, demi corps.', 'profil, demi corps.', '', '', '', '', 1, 'O', 0, 3, '00000000000000000000000000000000', 10, 0, '', '', 'JJD', 20070410140313),
(35, 1, 35, 'H', 'hantaï', 'contraire, opposé.', 'contraire, opposé.', '', '', '', '', 1, 'O', 0, 3, '00000000000000000000000000000000', 10, 0, '', '', 'JJD', 20070410140313),
(36, 1, 36, 'H', 'happo', 'huit, dans toutes les directions.', 'huit, dans toutes les directions.', '', '', '', '', 1, 'O', 0, 3, '00000000000000000000000000000000', 10, 0, '', '', 'JJD', 20070410140313),
(38, 1, 38, 'H', 'ham', 'ventre, bas ventre.', 'ventre, bas ventre.', '', '', '', '', 1, 'O', 0, 3, '00000000000000000000000000000000', 11, 0, '', '', 'JJD', 20070410140313),
(39, 1, 39, 'H', 'haraï', 'chasser.', 'chasser.', '', '', '', '', 1, 'O', 0, 3, '00000000000000000000000000000000', 10, 0, '', '', 'JJD', 20070410140313),
(40, 1, 40, 'H', 'hazu', 'contraire', 'contraire', '', '', '', '', 1, 'O', 0, 3, '00000000000000000000000000000000', 10, 0, '', '', 'JJD', 20070410140313),
(42, 1, 42, 'H', 'hiji', 'le coude.', 'le coude.', '', '', '', '', 1, 'O', 0, 3, '00000000000000000000000000000000', 10, 0, '', '', 'JJD', 20070410140313),
(43, 1, 43, 'H', 'hiki', 'de Hiku, traîner, tirer.', 'de Hiku, traîner, tirer.', '', '', '', '', 1, 'O', 0, 3, '00000000000000000000000000000000', 10, 0, '', '', 'JJD', 20070410140313),
(44, 1, 44, 'H', 'hineri', 'de Hineru tordre, torsion rotation.', 'de Hineru tordre, torsion rotation.', '', '', '', '', 1, 'O', 0, 3, '00000000000000000000000000000000', 10, 0, '', '', 'JJD', 20070410140313),
(46, 1, 46, 'H', 'hiza', 'le genou.', 'le genou.', '', '', '', '', 1, 'O', 0, 3, '00000000000000000000000000000000', 10, 0, '', '', 'JJD', 20070410140313),
(47, 1, 47, 'H', 'ho', 'procédé, méthode, règle.', 'procédé, méthode, règle.', '', '', '', '', 1, 'O', 0, 3, '00000000000000000000000000000000', 10, 0, '', '', 'JJD', 20070410140313),
(48, 1, 48, 'H', 'hontaï', 'exprime la maîtrise du corps par l\'esprit.', 'exprime la maîtrise du corps par l\'esprit.', '', '', '', '', 1, 'O', 0, 3, '00000000000000000000000000000000', 10, 0, '', '', 'JJD', 20070410140313),
(49, 1, 49, 'H', 'hodoki', 'de Hodokeru, se dénouer, se délier.', 'de Hodokeru, se dénouer, se délier.', '', '', '', '', 1, 'O', 0, 3, '00000000000000000000000000000000', 10, 0, '', '', 'JJD', 20070410140313),
(50, 1, 50, 'L', 'lai', 'concentrer, centraliser.', 'concentrer, centraliser.', '', '', '', '', 1, 'O', 0, 3, '00000000000000000000000000000000', 6, 0, '', '', 'JJD', 20070410140313),
(51, 1, 51, 'L', 'lai do', 'art de tirer le sabre.', 'art de tirer le sabre.', '', '', '', '', 1, 'O', 0, 3, '00000000000000000000000000000000', 6, 0, '', '', 'JJD', 20070410140313),
(53, 1, 53, 'I', 'iraki', 'esquive latérale.', 'esquive latérale.', '', '', '54/143/159/332/331/289', '54/143/159/332/331/289', 1, 'O', 0, 3, '00000000000000000000000000000000', 9, 0, '', '', 'JJD', 20070410140313),
(54, 1, 54, 'I', 'irimi', 'avancer, esquive en avançant sur le partenaire.', 'avancer, esquive en avançant sur le partenaire.', '', '', '332/53/289', '332/53/289', 1, 'O', 0, 3, '00000000000000000000000000000000', 11, 0, '', '', 'JJD', 20070410140313),
(55, 1, 55, 'I', 'ippan', 'chacun son tour.', 'chacun son tour.', '', '', '', '', 1, 'O', 0, 3, '00000000000000000000000000000000', 7, 0, '', '', 'JJD', 20070410140313),
(56, 1, 56, 'I', 'ippan geiko', 'forme d\'entraînement ou chaque partenaire effectue à son tour les techniques qu\'il connaît, sur une forme d\'attaque imposée.', 'forme d\'entraînement ou chaque partenaire effectue à son tour les techniques qu\'il connaît, sur une forme d\'attaque imposée.', '', '', '', '', 1, 'O', 0, 3, '00000000000000000000000000000000', 7, 0, '', '', 'JJD', 20070410140313),
(59, 1, 59, 'J', 'jo', 'haut, supérieur.', 'haut, supérieur.', '', '', '', '', 1, 'O', 0, 3, '00000000000000000000000000000000', 7, 0, '', '', 'JJD', 20070410140313),
(60, 1, 60, 'J', 'jo', 'bâton mesurant de 1,20 m. à l,40 m.', 'bâton mesurant de 1,20 m. à l,40 m.', '', '', '11', '11', 1, 'O', 0, 3, '00000000000000000000000000000000', 7, 0, '', '', 'JJD', 20070410140313),
(61, 1, 61, 'J', 'jiyu', 'libre.', 'libre.', '', '', '', '', 1, 'O', 0, 3, '00000000000000000000000000000000', 7, 0, '', '', 'JJD', 20070410140313),
(64, 1, 64, 'J', 'ju', '(Jyu), souple doux paisible.', '(Jyu), souple doux paisible.', '', '', '', '', 1, 'O', 0, 3, '00000000000000000000000000000000', 7, 0, '', '', 'JJD', 20070410140313),
(65, 1, 65, 'J', 'juji', 'croix, mettre en croix.', 'croix, mettre en croix.', '', '', '', '', 1, 'O', 0, 3, '00000000000000000000000000000000', 7, 0, '', '', 'JJD', 20070410140313),
(66, 1, 66, 'J', 'jumbi', 'seul, individuellement.', 'seul, individuellement.', '', '', '', '', 1, 'O', 0, 3, '00000000000000000000000000000000', 7, 0, '', '', 'JJD', 20070410140313),
(68, 1, 68, 'J', 'jutsu', 'technique, science.', 'technique, science.', '', '', '', '', 1, 'O', 0, 3, '00000000000000000000000000000000', 7, 0, '', '', 'JJD', 20070410140313),
(69, 1, 69, 'J', 'jyun', 'en ordre, de face, en face.', 'en ordre, de face, en face.', '', '', '', '', 1, 'O', 0, 3, '00000000000000000000000000000000', 7, 0, '', '', 'JJD', 20070410140313),
(72, 1, 72, 'K', 'kaï', 'société, association, fédération.', 'société, association, fédération.', '', '', '332', '332', 1, 'O', 0, 3, '00000000000000000000000000000000', 63, 0, '', '', 'JJD', 20070513012451),
(73, 1, 73, 'K', 'kaïten', 'tour, révolution, circumduction.', 'tour, révolution, circumduction.', '', '', '', '', 1, 'O', 0, 3, '00000000000000000000000000000000', 61, 0, '', '', 'JJD', 20070423175625),
(74, 1, 74, 'K', 'kakari geiko', 'forme de travail ou le même partenaire attaque sans cesse.', 'forme de travail ou le même partenaire attaque sans cesse.', '', '', '332', '332', 1, 'O', 0, 3, '00000000000000000000000000000000', 62, 0, '', '', 'JJD', 20070513012451),
(75, 1, 75, 'K', 'kakari taninzu geiko', 'forme de travail ou plusieurs partenaires attaquent simultanément.', 'forme de travail ou plusieurs partenaires attaquent simultanément.', '', '', '', '', 1, 'O', 0, 3, '00000000000000000000000000000000', 61, 0, '', '', 'JJD', 20070423175625),
(76, 1, 76, 'K', 'kâke', 'crochet, crochetage.', 'crochet, crochetage.', '', '', '', '', 1, 'O', 0, 3, '00000000000000000000000000000000', 61, 0, '', '', 'JJD', 20070423175625),
(79, 1, 79, 'K', 'kami', 'les cheveux.', 'les cheveux.', '', '', '', '', 1, 'O', 0, 3, '00000000000000000000000000000000', 61, 0, '', '', 'JJD', 20070423175625),
(80, 1, 80, 'K', 'kan', 'sens, direction.', 'sens, direction.', '', '', '', '', 1, 'O', 0, 3, '00000000000000000000000000000000', 61, 0, '', '', 'JJD', 20070423175625),
(81, 1, 81, 'K', 'kansetsu', 'articulation, jointure.', 'articulation, jointure.', '', '', '338', '338', 1, 'O', 0, 3, '00000000000000000000000000000000', 66, 1, '', '', 'JJD', 20070513012451),
(83, 1, 83, 'K', 'kappo', 'art de réanimer par les kuatsu.', 'art de réanimer par les kuatsu.', '', '', '', '', 1, 'O', 0, 3, '00000000000000000000000000000000', 61, 0, '', '', 'JJD', 20070423175625),
(85, 1, 85, 'K', 'kata', 'épaule.', 'épaule.', '', '', '', '', 1, 'O', 0, 3, '00000000000000000000000000000000', 61, 0, '', '', 'JJD', 20070423175625),
(86, 1, 86, 'K', 'katame', 'Immobilisation.', 'Immobilisation.', '', '', '', '', 1, 'O', 0, 3, '00000000000000000000000000000000', 61, 0, '', '', 'JJD', 20070423175625),
(87, 1, 87, 'K', 'katana', 'sabre porter à la ceinture par les Samouraï.', 'sabre porter à la ceinture par les Samouraï.', '', '', '', '', 1, 'O', 0, 3, '00000000000000000000000000000000', 61, 0, '', '', 'JJD', 20070423175625),
(88, 1, 88, 'K', 'kashira', 'chef, maître, chapeau.', 'chef, maître, chapeau.', '', '', '', '', 1, 'O', 0, 3, '00000000000000000000000000000000', 61, 0, '', '', 'JJD', 20070423175625),
(89, 1, 89, 'K', 'katate', 'de Katazu, retenir, maintenir.', 'de Katazu, retenir, maintenir.', '', '', '', '', 1, 'O', 0, 3, '00000000000000000000000000000000', 61, 0, '', '', 'JJD', 20070423175625),
(90, 1, 90, 'K', 'kawashi', 'esquiver.', 'esquiver.', '', '', '', '', 1, 'O', 0, 3, '00000000000000000000000000000000', 61, 0, '', '', 'JJD', 20070423175625),
(91, 1, 91, 'K', 'keiko', 'exercice, entraînement.', 'exercice, entraînement.', '', '', '', '', 1, 'O', 0, 3, '00000000000000000000000000000000', 61, 0, '', '', 'JJD', 20070423175625),
(92, 1, 92, 'K', 'ken', 'sabre, épée.', 'sabre, épée.', '', '', '', '', 1, 'O', 0, 3, '00000000000000000000000000000000', 61, 0, '', '', 'JJD', 20070423175625),
(93, 1, 93, 'K', 'ken', 'touche, point.', 'touche, point.', '', '', '', '', 1, 'O', 0, 3, '00000000000000000000000000000000', 61, 0, '', '', 'JJD', 20070423175625),
(94, 1, 94, 'K', 'ken', 'fort, solide.', 'fort, solide.', '', '', '', '', 1, 'O', 0, 3, '00000000000000000000000000000000', 61, 0, '', '', 'JJD', 20070423175625),
(95, 1, 95, 'K', 'ken', 'sphère d\'influence.', 'sphère d\'influence.', '', '', '', '', 1, 'O', 0, 3, '00000000000000000000000000000000', 61, 0, '', '', 'JJD', 20070423175625),
(96, 1, 96, 'K', 'keri', 'coup de pied.', 'coup de pied.', '', '', '', '', 1, 'O', 0, 3, '00000000000000000000000000000000', 61, 0, '', '', 'JJD', 20070423175625),
(97, 1, 97, 'K', 'kesa', 'écharpe de soie porter par les moines en travers sur la poitrine.', 'écharpe de soie porter par les moines en travers sur la poitrine.', '', '', '', '', 1, 'O', 0, 3, '00000000000000000000000000000000', 61, 0, '', '', 'JJD', 20070423175625),
(98, 1, 98, 'K', 'ki', 'énergie.', 'énergie originelle.', '', '', '99/285/286', '99/285/286', 1, 'O', 0, 3, '00000000000000000000000000000000', 69, 0, '', '', 'JJD', 20070423175625),
(99, 1, 99, 'K', 'kiaï', 'énergies réunies, cri.', 'énergies réunies, cri.', '', '', '98', '98', 1, 'O', 0, 3, '00000000000000000000000000000000', 66, 0, '', '', 'JJD', 20070423175625),
(101, 1, 101, 'K', 'kihon', 'entraînement des mouvements de base.', 'entraînement des mouvements de base.', '', '', '', '', 1, 'O', 0, 3, '00000000000000000000000000000000', 66, 0, '', '', 'JJD', 20070423175625),
(102, 1, 102, 'K', 'kime', 'décision, détermination.', 'décision, détermination.', '', '', '', '', 1, 'O', 0, 3, '00000000000000000000000000000000', 66, 0, '', '', 'JJD', 20070423175625),
(103, 1, 103, 'K', 'kimono', '(Keikogi-Aikidogi), vêtement d\'entraînement.', '(Keikogi-Aikidogi), vêtement d\'entraînement.', '', '', '', '', 1, 'O', 0, 3, '00000000000000000000000000000000', 66, 0, '', '', 'JJD', 20070423175625),
(104, 1, 104, 'K', 'kinteki', 'partie testiculaire.', 'partie testiculaire.', '', '', '', '', 1, 'O', 0, 3, '00000000000000000000000000000000', 66, 0, '', '', 'JJD', 20070423175625),
(105, 1, 105, 'K', 'kiri', 'coupe, de Kireru, couper, trancher.', 'coupe, de Kireru, couper, trancher.', '', '', '', '', 1, 'O', 0, 3, '00000000000000000000000000000000', 66, 0, '', '', 'JJD', 20070423175625),
(107, 1, 107, 'K', 'ko', 'ancien, traditionnel.', 'ancien, traditionnel.', '', '', '', '', 1, 'O', 0, 3, '00000000000000000000000000000000', 61, 0, '', '', 'JJD', 20070423175625),
(108, 1, 108, 'K', 'koga', 'regard.', 'regard.', '', '', '', '', 1, 'O', 0, 3, '00000000000000000000000000000000', 61, 0, '', '', 'JJD', 20070423175625),
(109, 1, 109, 'K', 'kokyu', 'respiration, au sens général, respiration de l\'univers. .', 'respiration, au sens général, respiration de l\'univers. .', '', '', '', '', 1, 'O', 0, 3, '00000000000000000000000000000000', 60, 0, '', '', 'JJD', 20070423175625),
(110, 1, 110, 'K', 'koshi', 'hanche.', '<p>Uitilser pour sésugner les technique faite à partir d\'un mouvement de hanche.</p>', '', '', '', '', 1, 'O', 0, 3, '10000000000000000000000000000000', 60, 0, '', 'Technique', 'JJD', 20070601144751),
(111, 1, 111, 'K', 'koshi', 'balle du pied.', 'balle du pied.', '', '', '', '', 1, 'O', 0, 3, '00000000000000000000000000000000', 60, 0, '', '', 'JJD', 20070423175625),
(113, 1, 113, 'K', 'kote', 'gant de protection composant l\'armure, par extension, le poignet.', 'gant de protection composant l\'armure, par extension, le poignet.', '', '', '', '', 1, 'O', 0, 3, '00000000000000000000000000000000', 60, 0, '', '', 'JJD', 20070423175625),
(114, 1, 114, 'K', 'ku', 'neuf (chiffre 9).', 'neuf (chiffre 9).', '', '', '', '', 1, 'O', 0, 3, '00000000000000000000000000000000', 60, 0, '', '', 'JJD', 20070423175625),
(115, 1, 115, 'K', 'kubi', 'le cou.', 'le cou.', '', '', '', '', 1, 'O', 0, 3, '00000000000000000000000000000000', 60, 0, '', '', 'JJD', 20070423175625),
(116, 1, 116, 'K', 'kudaki', 'casser, briser, fracasser.', 'casser, briser, fracasser.', '', '', '', '', 1, 'O', 0, 3, '00000000000000000000000000000000', 60, 0, '', '', 'JJD', 20070423175625),
(117, 1, 117, 'K', 'kumite', 'entraînement à deux.', 'entraînement à deux.', '', '', '', '', 1, 'O', 0, 3, '00000000000000000000000000000000', 60, 0, '', '', 'JJD', 20070423175625),
(118, 1, 118, 'K', 'kyo', 'principe.', 'principe.', '', '', '', '', 1, 'O', 0, 3, '00000000000000000000000000000000', 60, 0, '', '', 'JJD', 20070423175625),
(119, 1, 119, 'K', 'kyoshi', 'professeur expert.', 'professeur expert.', '', '', '', '', 1, 'O', 0, 3, '00000000000000000000000000000000', 61, 0, '', '', 'JJD', 20070423175625),
(121, 1, 121, 'K', 'kyuhon', 'neuvième.', 'neuvième.', '', '', '', '', 1, 'O', 0, 3, '00000000000000000000000000000000', 61, 0, '', '', 'JJD', 20070423175625),
(122, 1, 122, 'M', 'ma', 'interval, distance moyenne de combat.', 'interval, distance moyenne de combat.', '', '', '', '', 1, 'O', 0, 3, '00000000000000000000000000000000', 11, 0, '', '', 'JJD', 20070410140313),
(124, 1, 124, 'M', 'machi', 'être prêt, être à raffut, attendre.', 'être prêt, être à raffut, attendre.', '', '', '', '', 1, 'O', 0, 3, '00000000000000000000000000000000', 11, 0, '', '', 'JJD', 20070410140313),
(125, 1, 125, 'M', 'mae', 'avant, devant, en avant?', 'avant, devant, en avant?', '', '', '', '', 1, 'O', 0, 3, '00000000000000000000000000000000', 11, 0, '', '', 'JJD', 20070410140313),
(126, 1, 126, 'M', 'mage', 'plier, courber.', 'plier, courber.', '', '', '', '', 1, 'O', 0, 3, '00000000000000000000000000000000', 11, 0, '', '', 'JJD', 20070410140313),
(128, 1, 128, 'M', 'marote', 'pivot sur place.', 'pivot sur place.', '', '', '289/332', '289/332', 1, 'O', 0, 3, '00000000000000000000000000000000', 14, 0, '', '', 'JJD', 20070410140313),
(131, 1, 131, 'M', 'mekuguana', 'ensemble des éléments formant la poignée du sabre.', 'ensemble des éléments formant la poignée du sabre.', '', '', '', '', 1, 'O', 0, 3, '00000000000000000000000000000000', 11, 0, '', '', 'JJD', 20070410140313),
(132, 1, 132, 'M', 'men', 'Masque de protection du visage porter en Kendo. Par extension le visage., 1a tête.', 'Masque de protection du visage porter en Kendo. Par extension le visage., 1a tête.', '', '', '', '', 1, 'O', 0, 3, '00000000000000000000000000000000', 11, 0, '', '', 'JJD', 20070410140313),
(135, 1, 135, 'M', 'migi', 'droite.', 'droite.', '', '', '', '', 1, 'O', 0, 3, '00000000000000000000000000000000', 11, 0, '', '', 'JJD', 20070410140313),
(136, 1, 136, 'M', 'mine', 'sommet, cime, dos de la lame du sabre.', 'sommet, cime, dos de la lame du sabre.', '', '', '', '', 1, 'O', 0, 3, '00000000000000000000000000000000', 11, 0, '', '', 'JJD', 20070410140313),
(139, 1, 139, 'M', 'muna', 'devant du vêtement.', 'devant du vêtement.', '', '', '', '', 1, 'O', 0, 3, '00000000000000000000000000000000', 11, 0, '', '', 'JJD', 20070410140313),
(140, 1, 140, 'M', 'mune', 'sein, poitrine, coeur, âme.', 'sein, poitrine, coeur, âme.', '', '', '', '', 1, 'O', 0, 3, '00000000000000000000000000000000', 11, 0, '', '', 'JJD', 20070410140313),
(141, 1, 141, 'M', 'munen mushin', 'état sans idées sans pensées.', 'état sans idées sans pensées.', '', '', '', '', 1, 'O', 0, 3, '00000000000000000000000000000000', 11, 0, '', '', 'JJD', 20070410140313),
(142, 1, 142, 'M', 'musubi dashi', 'Noto, Norei.', 'Noto, Norei.', '', '', '', '', 1, 'O', 0, 3, '00000000000000000000000000000000', 11, 0, '', '', 'JJD', 20070410140313),
(143, 1, 143, 'N', 'nagashi', 'faire couler, lancer, esquive avec pivot direct sur le pied avant ou arrière.', 'faire couler, lancer, esquive avec pivot direct sur le pied avant ou arrière.', '', '', '53/289/332', '53/289/332', 1, 'O', 0, 3, '00000000000000000000000000000000', 18, 0, '', '', 'JJD', 20070513012451),
(145, 1, 145, 'N', 'naginata', 'sabre long, sorte de hallebarde.', 'sabre long, sorte de hallebarde.', '', '', '', '', 1, 'O', 0, 3, '00000000000000000000000000000000', 16, 0, '', '', 'JJD', 20070423203334),
(146, 1, 146, 'N', 'nakago', 'partie de la lame se trouvant à l\'intérieur de la mekuguana.', 'partie de la lame se trouvant à l\'intérieur de la mekuguana.', '', '', '', '', 1, 'O', 0, 3, '00000000000000000000000000000000', 16, 0, '', '', 'JJD', 20070423203334),
(147, 1, 147, 'N', 'nami', 'commun, ordinaire.', 'commun, ordinaire.', '', '', '', '', 1, 'O', 0, 3, '00000000000000000000000000000000', 16, 0, '', '', 'JJD', 20070423203334),
(148, 1, 148, 'N', 'nami ashi', 'marche normale.', 'marche normale.', '', '', '289/332', '289/332', 1, 'O', 0, 3, '00000000000000000000000000000000', 17, 0, '', '', 'JJD', 20070513012451),
(149, 1, 149, 'N', 'nana', 'sept.', 'sept.', '', '', '', '', 1, 'O', 0, 3, '00000000000000000000000000000000', 16, 0, '', '', 'JJD', 20070423203334),
(152, 1, 152, 'N', 'neji', 'visser, serrer.', 'visser, serrer.', '', '', '', '', 1, 'O', 0, 3, '00000000000000000000000000000000', 16, 0, '', '', 'JJD', 20070423203334),
(153, 1, 153, 'N', 'ni', '(Nichi), deux.', '(Nichi), deux.', '', '', '', '', 1, 'O', 0, 3, '00000000000000000000000000000000', 16, 0, '', '', 'JJD', 20070423203334),
(156, 1, 156, 'N', 'no', 'de quelque chose.', 'de quelque chose.', '', '', '', '', 1, 'O', 0, 3, '00000000000000000000000000000000', 16, 0, '', '', 'JJD', 20070423203334),
(157, 1, 157, 'N', 'no', 'avant.', 'avant.', '', '', '', '', 1, 'O', 0, 3, '00000000000000000000000000000000', 16, 0, '', '', 'JJD', 20070423203334),
(164, 1, 164, 'O', 'oshi', 'de osu, forcer, pousser, appliquer.', 'de osu, forcer, pousser, appliquer.', '', '', '', '', 1, 'O', 0, 3, '00000000000000000000000000000000', 14, 0, '', '', 'JJD', 20070410140313),
(165, 1, 165, 'O', 'otaï', 'accueil.', 'accueil.', '', '', '325/330', '325/330', 1, 'O', 0, 3, '00000000000000000000000000000000', 15, 0, '', '', 'JJD', 20070410140313),
(166, 1, 166, 'O', 'otoshi', 'de otosu, laisser tomber.', 'de otosu, laisser tomber.', '', '', '', '', 1, 'O', 0, 3, '00000000000000000000000000000000', 14, 0, '', '', 'JJD', 20070410140313),
(167, 1, 167, 'O', 'oyayubi', 'pouce, gros orteil.', 'pouce, gros orteil.', '', '', '', '', 1, 'O', 0, 3, '00000000000000000000000000000000', 14, 0, '', '', 'JJD', 20070410140313),
(168, 1, 168, 'O', 'oyo', 'application.', 'application.', '', '', '', '', 1, 'O', 0, 3, '00000000000000000000000000000000', 14, 0, '', '', 'JJD', 20070410140313),
(169, 1, 169, 'R', 'randori', 'combattre.', 'combattre.', '', '', '', '', 1, 'O', 0, 3, '00000000000000000000000000000000', 13, 0, '', '', 'JJD', 20070410140313),
(336, 1, 336, 'O', 'osae waza', 'immobilisation', 'Techniques d\'immobilisation au sol.', '', '', '268/337', '268/337', 1, 'O', 0, 2147483647, '00000000000000000000000000000000', 9, 0, '', '', 'JJD', 20070513012451),
(337, 1, 337, 'N', 'nage waza', 'Techniques de projection volontaire.', '', '', '', '336/268', '336/268', 1, 'O', 0, 2147483647, '11000010000000000000000000000000', 10, 0, '', 'Technique - Bases - Educatifs', 'jjd', 20070601144751),
(338, 1, 338, 'K', 'kansetsu waza', 'Techniques de contrôles.', 'Désigne les techniques de contrôles du partenaire à l\'aide de clés ou d\'armelock.', '', '', '', '', 1, 'O', 0, 2147483647, '10000000000000000000000000000000', 40, 0, '', 'Technique', 'JJD', 20070601144751),
(171, 1, 171, 'R', 'ro', 'rame', 'rame', '', '', '', '', 1, 'O', 0, 3, '00000000000000000000000000000000', 13, 0, '', '', 'JJD', 20070410140313),
(172, 1, 172, 'R', 'roppo', 'recueilil des lois, code des lois.', 'recueilil des lois, code des lois.', '', '', '', '', 1, 'O', 0, 3, '00000000000000000000000000000000', 13, 0, '', '', 'JJD', 20070410140313),
(175, 1, 175, 'R', 'ryo', 'deux, les deux/', 'deux, les deux/', '', '', '', '', 1, 'O', 0, 3, '00000000000000000000000000000000', 13, 0, '', '', 'JJD', 20070410140313),
(178, 1, 178, 'S', 'sageo', 'cordelette qui sert à maintenir l\'étui à la ceinture.', 'cordelette qui sert à maintenir l\'étui à la ceinture.', '', '', '', '', 1, 'O', 0, 3, '00000000000000000000000000000000', 15, 0, '', '', 'JJD', 20070410140313),
(179, 1, 179, 'S', 'sakate', '. retourner contre quelqu\'un ses propres armes, tenir un poignard pointe vers le coude.', '. retourner contre quelqu\'un ses propres armes, tenir un poignard pointe vers le coude.', '', '', '', '', 1, 'O', 0, 3, '00000000000000000000000000000000', 14, 0, '', '', 'JJD', 20070410140313),
(181, 1, 181, 'S', 'samouraï', 'guerrier japonais ayant droit de porter les deux sabre.', 'guerrier japonais ayant droit de porter les deux sabre.', '', '', '', '', 1, 'O', 0, 3, '00000000000000000000000000000000', 14, 0, '', '', 'JJD', 20070410140313),
(182, 1, 182, 'S', 'san', 'trois.', 'trois.', '', '', '', '', 1, 'O', 0, 3, '00000000000000000000000000000000', 14, 0, '', '', 'JJD', 20070410140313),
(183, 1, 183, 'S', 'sankyo', 'positinn accroupie.', 'positinn accroupie.', '', '', '', '', 1, 'O', 0, 3, '00000000000000000000000000000000', 14, 0, '', '', 'JJD', 20070410140313),
(184, 1, 184, 'S', 'sanchin', 'dominer, maintenance de la force libérée.', 'dominer, maintenance de la force libérée.', '', '', '', '', 1, 'O', 0, 3, '00000000000000000000000000000000', 14, 0, '', '', 'JJD', 20070410140313),
(185, 1, 185, 'S', 'sanhon', 'troisième.', 'troisième.', '', '', '', '', 1, 'O', 0, 3, '00000000000000000000000000000000', 14, 0, '', '', 'JJD', 20070410140313),
(186, 1, 186, 'S', 'satori', 'l\'éveil.', 'l\'éveil.', '', '', '', '', 1, 'O', 0, 3, '00000000000000000000000000000000', 14, 0, '', '', 'JJD', 20070410140313),
(187, 1, 187, 'S', 'soya', 'étui du sabre.', 'étui du sabre.', '', '', '', '', 1, 'O', 0, 3, '00000000000000000000000000000000', 14, 0, '', '', 'JJD', 20070410140313),
(189, 1, 189, 'S', 'sei', 'esprit, esprit fier, noble.', 'esprit, esprit fier, noble.', '', '', '', '', 1, 'O', 0, 3, '00000000000000000000000000000000', 14, 0, '', '', 'JJD', 20070410140313),
(190, 1, 190, 'S', 'sen', 'Sentir, sensation.', 'Sentir, sensation.', '', '', '', '', 1, 'O', 0, 3, '00000000000000000000000000000000', 14, 0, '', '', 'JJD', 20070410140313),
(191, 1, 191, 'S', 'sensei', 'professeur, maître.', 'professeur, maître.', '', '', '329', '329', 1, 'O', 0, 3, '00000000000000000000000000000000', 16, 0, '', '', 'JJD', 20070410140313),
(192, 1, 192, 'S', 'seppai', 'rondelle de métal se trouvant de chaque côté de la Tsuka.', 'rondelle de métal se trouvant de chaque côté de la Tsuka.', '', '', '', '', 1, 'O', 0, 3, '00000000000000000000000000000000', 14, 0, '', '', 'JJD', 20070410140313),
(195, 1, 195, 'S', 'shiki', 'cérémonie, cérémonial.', 'cérémonie, cérémonial.', '', '', '325/328/170/326/329/197/198/327/330', '325/328/170/326/329/197/198/327/330', 1, 'O', 0, 3, '00000000000000000000000000000000', 17, 0, '', '', 'JJD', 20070410140313),
(196, 1, 196, 'S', 'shimeru', 'serrer, étrangler.', 'serrer, étrangler.', '', '', '', '', 1, 'O', 0, 3, '00000000000000000000000000000000', 15, 0, '', '', 'JJD', 20070410140313),
(197, 1, 197, 'S', 'shimoza', 'partie du Dojo face au Kamiza.', 'partie du Dojo face au Kamiza.', '', '', '195', '195', 1, 'O', 0, 3, '00000000000000000000000000000000', 14, 0, '', '', 'JJD', 20070410140313),
(198, 1, 198, 'S', 'shimozeki', 'partie du Dojo face au Joseki.', 'partie du Dojo face au Joseki.', '', '', '195', '195', 1, 'O', 0, 3, '00000000000000000000000000000000', 17, 0, '', '', 'JJD', 20070410140313),
(199, 1, 199, 'S', 'shin', 'coeur.', 'coeur.', '', '', '', '', 1, 'O', 0, 3, '00000000000000000000000000000000', 14, 0, '', '', 'JJD', 20070410140313),
(200, 1, 200, 'S', 'shinaï', 'sabre fait de quatre lattes de bambou utilisé en Kendo.', 'sabre fait de quatre lattes de bambou utilisé en Kendo.', '', '', '', '', 1, 'O', 0, 3, '00000000000000000000000000000000', 14, 0, '', '', 'JJD', 20070410140313),
(201, 1, 201, 'S', 'shinogi', 'partie latérales de la lame du sabre.', 'partie latérales de la lame du sabre.', '', '', '', '', 1, 'O', 0, 3, '00000000000000000000000000000000', 14, 0, '', '', 'JJD', 20070410140313),
(202, 1, 202, 'S', 'shintai', 'corps.', 'corps.', '', '', '', '', 1, 'O', 0, 3, '00000000000000000000000000000000', 14, 0, '', '', 'JJD', 20070410140313),
(203, 1, 203, 'S', 'shio', 'la marée, la vague, le courant.', 'la marée, la vague, le courant.', '', '', '', '', 1, 'O', 0, 3, '00000000000000000000000000000000', 14, 0, '', '', 'JJD', 20070410140313),
(204, 1, 204, 'S', 'shisei', 'attitude, homme fier.', 'attitude, homme fier.', '', '', '', '', 1, 'O', 0, 3, '00000000000000000000000000000000', 14, 0, '', '', 'JJD', 20070410140313),
(205, 1, 205, 'S', 'shizen', 'naturelle, spontanée.', 'naturelle, spontanée.', '', '', '', '', 1, 'O', 0, 3, '00000000000000000000000000000000', 14, 0, '', '', 'JJD', 20070410140313),
(206, 1, 206, 'S', 'sho', 'sommet.', 'sommet.', '', '', '', '', 1, 'O', 0, 3, '00000000000000000000000000000000', 14, 0, '', '', 'JJD', 20070410140313),
(207, 1, 207, 'S', 'shomen', 'front, façade.', 'front, façade.', '', '', '', '', 1, 'O', 0, 3, '00000000000000000000000000000000', 14, 0, '', '', 'JJD', 20070410140313),
(208, 1, 208, 'S', 'shoto', 'Sabre court.', 'Sabre court.', '', '', '', '', 1, 'O', 0, 3, '00000000000000000000000000000000', 14, 0, '', '', 'JJD', 20070410140313),
(210, 1, 210, 'S', 'shuto', 'sabre de la main.', 'sabre de la main.', '', '', '', '', 1, 'O', 0, 3, '00000000000000000000000000000000', 14, 0, '', '', 'JJD', 20070410140313),
(211, 1, 211, 'S', 'ski', 'pointe.', 'pointe.', '', '', '', '', 1, 'O', 0, 3, '00000000000000000000000000000000', 14, 0, '', '', 'JJD', 20070410140313),
(212, 1, 212, 'S', 'sode', 'manches.', 'manches.', '', '', '', '', 1, 'O', 0, 3, '00000000000000000000000000000000', 14, 0, '', '', 'JJD', 20070410140313),
(214, 1, 214, 'S', 'sotaï', 'ensemble.', 'ensemble.', '', '', '', '', 1, 'O', 0, 3, '00000000000000000000000000000000', 14, 0, '', '', 'JJD', 20070410140313),
(215, 1, 215, 'S', 'soto', 'extérieur, dehors.', 'extérieur, dehors.', '', '', '', '', 1, 'O', 0, 3, '00000000000000000000000000000000', 14, 0, '', '', 'JJD', 20070410140313),
(216, 1, 216, 'S', 'suburi', 'exercice éducatif de frappe avec arme (Boken).', 'exercice éducatif de frappe avec arme (Boken).', '', '', '', '', 1, 'O', 0, 3, '00000000000000000000000000000000', 14, 0, '', '', 'JJD', 20070410140313),
(218, 1, 218, 'S', 'sukui', 'petite cuiller.', 'petite cuiller.', '', '', '', '', 1, 'O', 0, 3, '00000000000000000000000000000000', 14, 0, '', '', 'JJD', 20070410140313),
(219, 1, 219, 'S', 'sumi', 'coin, en coin.', 'coin, en coin.', '', '', '', '', 1, 'O', 0, 3, '00000000000000000000000000000000', 14, 0, '', '', 'JJD', 20070410140313),
(220, 1, 220, 'S', 'sune', 'tibia, tibière.', 'tibia, tibière.', '', '', '', '', 1, 'O', 0, 3, '00000000000000000000000000000000', 14, 0, '', '', 'JJD', 20070410140313),
(221, 1, 221, 'S', 'sutemi', 'de Suteru, jeter, se jeter.', 'de Suteru, jeter, se jeter.', '', '', '', '', 1, 'O', 0, 3, '00000000000000000000000000000000', 14, 0, '', '', 'JJD', 20070410140313),
(222, 1, 222, 'S', 'suwari', 's\'asseoir, être assis.', 's\'asseoir, être assis.', '', '', '', '', 1, 'O', 0, 3, '00000000000000000000000000000000', 14, 0, '', '', 'JJD', 20070410140313),
(225, 1, 225, 'T', 'tai', 'corps, (shintaï).', 'corps, (shintaï).', '', '', '332', '332', 1, 'O', 0, 3, '00000000000000000000000000000000', 14, 0, '', '', 'JJD', 20070410140313),
(227, 1, 227, 'T', 'take', 'bambou.', 'bambou.', '', '', '', '', 1, 'O', 0, 3, '00000000000000000000000000000000', 11, 0, '', '', 'JJD', 20070410140313),
(228, 1, 228, 'T', 'tambo', 'bâton court, environ 40 cm.', 'bâton court, environ 40 cm.', '', '', '11', '11', 1, 'O', 0, 3, '00000000000000000000000000000000', 11, 0, '', '', 'JJD', 20070410140313),
(229, 1, 229, 'T', 'tanden', '(Hara), bas ventre, Seika Tanden, océan des énergies.', '(Hara), bas ventre, Seika Tanden, océan des énergies.', '', '', '', '', 1, 'O', 0, 3, '00000000000000000000000000000000', 11, 0, '', '', 'JJD', 20070410140313),
(230, 1, 230, 'T', 'tandoku', 'Seul.', 'Seul.', '', '', '', '', 1, 'O', 0, 3, '00000000000000000000000000000000', 11, 0, '', '', 'JJD', 20070410140313),
(231, 1, 231, 'T', 'taninzu', 'les autres.', 'les autres.', '', '', '', '', 1, 'O', 0, 3, '00000000000000000000000000000000', 11, 0, '', '', 'JJD', 20070410140313),
(232, 1, 232, 'T', 'tanto', 'couteau de bois, poignard.', 'couteau de bois, poignard.', '', '', '11', '11', 1, 'O', 0, 3, '00000000000000000000000000000000', 11, 0, '', '', 'JJD', 20070410140313),
(233, 1, 233, 'T', 'taoshi', 'de Taosu, faire tomber par terre.', 'de Taosu, faire tomber par terre.', '', '', '', '', 1, 'O', 0, 3, '00000000000000000000000000000000', 11, 0, '', '', 'JJD', 20070410140313),
(236, 1, 236, 'T', 'tate', 'vertical, droit.', 'vertical, droit.', '', '', '', '', 1, 'O', 0, 3, '00000000000000000000000000000000', 11, 0, '', '', 'JJD', 20070410140313),
(237, 1, 237, 'T', 'te', 'main.', 'main.', '', '', '', '', 1, 'O', 0, 3, '00000000000000000000000000000000', 11, 0, '', '', 'JJD', 20070410140313),
(239, 1, 239, 'T', 'tenbin', 'Palanche.', 'Palanche.', '', '', '', '', 1, 'O', 0, 3, '00000000000000000000000000000000', 11, 0, '', '', 'JJD', 20070410140313),
(242, 1, 242, 'T', 'tenchi', 'univers.', 'univers.', '', '', '', '', 1, 'O', 0, 3, '00000000000000000000000000000000', 11, 0, '', '', 'JJD', 20070410140313),
(243, 1, 243, 'T', 'to', 'sabre, arme.', 'sabre, arme.', '', '', '', '', 1, 'O', 0, 3, '00000000000000000000000000000000', 11, 0, '', '', 'JJD', 20070410140313),
(244, 1, 244, 'T', 'tobinori', 'sauter dans.', 'sauter dans.', '', '', '', '', 1, 'O', 0, 3, '00000000000000000000000000000000', 11, 0, '', '', 'JJD', 20070410140313),
(245, 1, 245, 'T', 'tobo', '(Tobu)i la tâte.', '(Tobu)i la tâte.', '', '', '', '', 1, 'O', 0, 3, '00000000000000000000000000000000', 11, 0, '', '', 'JJD', 20070410140313),
(246, 1, 246, 'T', 'toma', 'grande distance de combat.', 'grande distance de combat.', '', '', '', '', 1, 'O', 0, 3, '00000000000000000000000000000000', 11, 0, '', '', 'JJD', 20070410140313),
(247, 1, 247, 'T', 'tori', 'exécutant.', 'exécutant.', '', '', '', '', 1, 'O', 0, 3, '00000000000000000000000000000000', 11, 0, '', '', 'JJD', 20070410140313),
(249, 1, 249, 'T', 'toshin', 'mèche, soie, lame du sabre.', 'mèche, soie, lame du sabre.', '', '', '', '', 1, 'O', 0, 3, '00000000000000000000000000000000', 11, 0, '', '', 'JJD', 20070410140313),
(250, 1, 250, 'T', 'tsuba', 'garde du sabre.', 'garde du sabre.', '', '', '', '', 1, 'O', 0, 3, '00000000000000000000000000000000', 11, 0, '', '', 'JJD', 20070410140313),
(251, 1, 251, 'T', 'tsuka', 'poignée du sabre.', 'poignée du sabre.', '', '', '', '', 1, 'O', 0, 3, '00000000000000000000000000000000', 11, 0, '', '', 'JJD', 20070410140313),
(252, 1, 252, 'T', 'tsukami', 'saisir, attraper.', 'saisir, attraper.', '', '', '', '', 1, 'O', 0, 3, '00000000000000000000000000000000', 11, 0, '', '', 'JJD', 20070410140313),
(253, 1, 253, 'T', 'tsuki', 'frapper, donner un coup de poing.', 'frapper, donner un coup de poing.', '', '', '', '', 1, 'O', 0, 3, '00000000000000000000000000000000', 11, 0, '', '', 'JJD', 20070410140313),
(254, 1, 254, 'T', 'tsuppari', 'Refuser,net, éducatif.', 'Refuser,net, éducatif.', '', '', '', '', 1, 'O', 0, 3, '00000000000000000000000000000000', 11, 0, '', '', 'JJD', 20070410140313),
(255, 1, 255, 'U', 'uchi', 'intérieur, dedans.', 'intérieur, dedans.', '', '', '', '', 1, 'O', 0, 3, '00000000000000000000000000000000', 7, 0, '', '', 'JJD', 20070410140313),
(256, 1, 256, 'U', 'uchi', 'de uchikatsu, vaincre.', 'de uchikatsu, vaincre.', '', '', '', '', 1, 'O', 0, 3, '00000000000000000000000000000000', 7, 0, '', '', 'JJD', 20070410140313),
(257, 1, 257, 'U', 'ude', 'le bras.', 'le bras.', '', '', '', '', 1, 'O', 0, 3, '00000000000000000000000000000000', 7, 0, '', '', 'JJD', 20070410140313),
(259, 1, 259, 'U', 'ukemi', 'chute.', 'chute.', '', '', '', '', 1, 'O', 0, 3, '00000000000000000000000000000000', 7, 0, '', '', 'JJD', 20070410140313),
(260, 1, 260, 'U', 'uma', 'cheval.', 'cheval.', '', '', '', '', 1, 'O', 0, 3, '00000000000000000000000000000000', 7, 0, '', '', 'JJD', 20070410140313),
(261, 1, 261, 'U', 'ura', 'revers, envers.', 'revers, envers.', '', '', '', '', 1, 'O', 0, 3, '00000000000000000000000000000000', 7, 0, '', '', 'JJD', 20070410140313),
(263, 1, 263, 'W', 'wa', 'paix, harmonie.', 'paix, harmonie.', '', '', '', '', 1, 'O', 0, 3, '00000000000000000000000000000000', 6, 0, '', '', 'JJD', 20070410140313),
(264, 1, 264, 'W', 'waka', 'jeune.', 'jeune.', '', '', '', '', 1, 'O', 0, 3, '00000000000000000000000000000000', 6, 0, '', '', 'JJD', 20070410140313),
(266, 1, 266, 'W', 'wakisashi', 'sabre court porter avec le Katana.', 'sabre court porter avec le Katana.', '', '', '', '', 1, 'O', 0, 3, '00000000000000000000000000000000', 6, 0, '', '', 'JJD', 20070410140313),
(267, 1, 267, 'W', 'wara', 'rodler, enrouler.', 'rodler, enrouler.', '', '', '', '', 1, 'O', 0, 3, '00000000000000000000000000000000', 6, 0, '', '', 'JJD', 20070410140313),
(268, 1, 268, 'W', 'waza', 'technique, procédé, recette.', 'technique, procédé, recette.', '', '', '337/336/338', '337/336/338', 1, 'O', 0, 3, '00000000000000000000000000000000', 21, 1, '', '', 'JJD', 20070513012451),
(269, 1, 269, 'Y', 'yaku soku geiko', 'forme de travail ou chaque partenaire attaque et se défend à son tour.', 'forme de travail ou chaque partenaire attaque et se défend à son tour.', '', '', '', '', 1, 'O', 0, 3, '00000000000000000000000000000000', 10, 0, '', '', 'JJD', 20070410140313),
(271, 1, 271, 'Y', 'yo', 'quatre. .', 'quatre. .', '', '', '', '', 1, 'O', 0, 3, '00000000000000000000000000000000', 10, 0, '', '', 'JJD', 20070410140313),
(273, 1, 273, 'Y', 'yoko', 'côté, à côté, latéral.', 'côté, à côté, latéral.', '', '', '', '', 1, 'O', 0, 3, '00000000000000000000000000000000', 10, 0, '', '', 'JJD', 20070410140313),
(274, 1, 274, 'Y', 'yoroi', 'armure.', 'armure.', '', '', '', '', 1, 'O', 0, 3, '00000000000000000000000000000000', 10, 0, '', '', 'JJD', 20070410140313),
(275, 1, 275, 'Y', 'yohon', 'quatrième', 'quatrième', '', '', '', '', 1, 'O', 0, 3, '00000000000000000000000000000000', 10, 0, '', '', 'JJD', 20070410140313),
(276, 1, 276, 'Y', 'yudansha', 'ceinture noire.', 'ceinture noire.', '', '', '', '', 1, 'O', 0, 3, '00000000000000000000000000000000', 10, 0, '', '', 'JJD', 20070410140313),
(285, 1, 285, 'A', 'aïkido', 'art martial issue de l\'aïkijustu', 'Fondé par Maître Morihei Ueshiba, l\'aïkido tire ses origines du dïto ryu Aïkijutsu, artmartial pratiquer par les samouraï.\r\nAïkido peut se traduire par : "la Voie de l\'hamornie des énergies".\r\nCertains le traduisent par "La voie de la paix", mais c\'est oublier que c\'est un art de guerre.\r\n;aï/ki/do/aïkijutsu', '', '', '286/98', '286/98', 1, '0', 0, 3, '00000000000000000000000000000000', 0, 0, '', '', 'JJD', 20070410140313),
(278, 1, 278, 'Y', 'yumi', 'l\'arc.', 'l\'arc.', '', '', '', '', 1, 'O', 0, 3, '00000000000000000000000000000000', 10, 0, '', '', 'JJD', 20070410140313),
(279, 1, 279, 'Z', 'za', 'siège, se placer. s\'asseoir.', 'siège, se placer. s\'asseoir.', '', '', '15', '15', 1, 'O', 0, 3, '00011000000000000000000000000000', 11, 0, '', 'Etiquette - Histoire', 'JJD', 20070601144751),
(280, 1, 280, 'Z', 'zan', 'rester dans un position, un état.', '<p></p>', '', '', '', '', 1, 'O', 0, 3, '01000000000000000000000000000000', 11, 0, '', 'Bases', 'JJD', 20070601144751),
(281, 1, 281, 'l', 'name', 'shortdefinition', 'definition', '', '', '', '', 1, 's', 0, 3, '00000000000000000000000000000000', 0, 0, '', '', 'JJD', 20070410140313),
(9, 1, 9, 'B', 'baraï', 'éparpiller, déséquilibrer. .', 'Qualifie nottament les techniques de balyage.', '', '', '5/288', '5/288', 1, 'O', 0, 3, '00000000000000000000000000000000', 18, 0, '', '', 'JJD', 20070513012451),
(10, 1, 10, 'B', 'batto', 'de Battari, rencontrer quelqu\'un.', 'de Battari, rencontrer quelqu\'un.', '', '', '288', '288', 1, 'O', 0, 3, '00000000000000000000000000000000', 21, 0, '', '', 'JJD', 20070513012451),
(14, 1, 14, 'T', 'taishi', 'Renverser', 'Renverser', '', '', '', '', 1, 'O', 0, 3, '00000000000000000000000000000000', 11, 0, '', '', 'JJD', 20070410140313),
(17, 1, 17, 'E', 'emono', 'gibier.', 'gibier.', '', '', '', '', 1, 'O', 0, 3, '00000000000000000000000000000000', 10, 0, '', '', 'JJD', 20070410140313),
(22, 1, 22, 'G', 'gan', 'fort, ferme, solide, tenace.', 'fort, ferme, solide, tenace.', '', '', '', '', 1, 'O', 0, 3, '00000000000000000000000000000000', 12, 0, '', '', 'JJD', 20070410140313),
(25, 1, 25, 'G', 'geiko', '(Keiko) exercice, entraînement, travail.', '(Keiko) exercice, entraînement, travail.', '', '', '', '', 1, 'O', 0, 3, '00000000000000000000000000000000', 12, 0, '', '', 'JJD', 20070410140313),
(28, 1, 28, 'G', 'geri', 'de Keru, donner un coup de pied.', 'de Keru, donner un coup de pied.', '', '', '', '', 1, 'O', 0, 3, '00000000000000000000000000000000', 12, 0, '', '', 'JJD', 20070410140313),
(31, 1, 31, 'H', 'hajime', 'de Hajimeru, commencer, débuter.', 'de Hajimeru, commencer, débuter.', '', '', '', '', 1, 'O', 0, 3, '00000000000000000000000000000000', 10, 0, '', '', 'JJD', 20070410140313),
(37, 1, 37, 'H', 'happohon', 'huitième.', 'huitième.', '', '', '', '', 1, 'O', 0, 3, '00000000000000000000000000000000', 10, 0, '', '', 'JJD', 20070410140313),
(41, 1, 41, 'H', 'hidari', 'gauche.', 'gauche.', '', '', '', '', 1, 'O', 0, 3, '00000000000000000000000000000000', 10, 0, '', '', 'JJD', 20070410140313),
(45, 1, 45, 'H', 'hippo', 'de la même façon.', 'de la même façon.', '', '', '', '', 1, 'O', 0, 3, '00000000000000000000000000000000', 10, 0, '', '', 'JJD', 20070410140313),
(52, 1, 52, 'I', 'ichi', '(1),(chiffre un).', '(1),(chiffre un).', '', '', '', '', 1, 'O', 0, 3, '00000000000000000000000000000000', 7, 0, '', '', 'JJD', 20070410140313),
(57, 1, 57, 'J', 'jime', 'de Jimeru, serrer, étrangler.', 'de Jimeru, serrer, étrangler.', '', '', '', '', 1, 'O', 0, 3, '00000000000000000000000000000000', 7, 0, '', '', 'JJD', 20070410140313),
(58, 1, 58, 'J', 'jo', 'lieu, place, endroit.', 'lieu, place, endroit.', '', '', '', '', 1, 'O', 0, 3, '00000000000000000000000000000000', 7, 0, '', '', 'JJD', 20070410140313),
(62, 1, 62, 'J', 'joseki', 'place d\'honneur.', 'place d\'honneur.', '', '', '', '', 1, 'O', 0, 3, '00000000000000000000000000000000', 7, 0, '', '', 'JJD', 20070410140313),
(63, 1, 63, 'J', 'ju', 'dix.', 'dix.', '', '', '', '', 1, 'O', 0, 3, '00000000000000000000000000000000', 7, 0, '', '', 'JJD', 20070410140313),
(67, 1, 67, 'J', 'juppon', 'dixième.', 'dixième.', '', '', '', '', 1, 'O', 0, 3, '00000000000000000000000000000000', 7, 0, '', '', 'JJD', 20070410140313),
(70, 1, 70, 'K', 'kabuto', 'casque.', 'casque.', '', '', '332', '332', 1, 'O', 0, 3, '00000000000000000000000000000000', 62, 0, '', '', 'JJD', 20070513012451),
(71, 1, 71, 'K', 'kaeshi', 'renverser, retourner.', 'renverser, retourner.', '', '', '332', '332', 1, 'O', 0, 3, '00000000000000000000000000000000', 62, 0, '', '', 'JJD', 20070513012451),
(77, 1, 77, 'K', 'kamae', 'être en garde, apparence, posture.', 'être en garde, apparence, posture.', '', '', '', '', 1, 'O', 0, 3, '00000000000000000000000000000000', 61, 0, '', '', 'JJD', 20070423175625),
(78, 1, 78, 'K', 'kami', 'divinité.', 'divinité.', '', '', '', '', 1, 'O', 0, 3, '00000000000000000000000000000000', 61, 0, '', '', 'JJD', 20070423175625),
(82, 1, 82, 'K', 'kannuki', 'bâcle', 'bâcle', '', '', '', '', 1, 'O', 0, 3, '00000000000000000000000000000000', 61, 0, '', '', 'JJD', 20070423175625),
(84, 1, 84, 'K', 'kata', 'forme, figure.', 'forme, figure.', '', '', '', '', 1, 'O', 0, 3, '00000000000000000000000000000000', 61, 0, '', '', 'JJD', 20070423175625),
(100, 1, 100, 'K', 'kiba', 'crocs, aller à cheval.', 'crocs, aller à cheval.', '', '', '', '', 1, 'O', 0, 3, '00000000000000000000000000000000', 66, 0, '', '', 'JJD', 20070423175625),
(106, 1, 106, 'K', 'kissaki', 'pointe de la lame du sabre.', 'pointe de la lame du sabre.', '', '', '', '', 1, 'O', 0, 3, '00000000000000000000000000000000', 66, 0, '', '', 'JJD', 20070423175625),
(112, 1, 112, 'K', 'kotaï', 'changer de partenaire.', 'changer de partenaire.', '', '', '', '', 1, 'O', 0, 3, '00000000000000000000000000000000', 60, 0, '', '', 'JJD', 20070423175625),
(120, 1, 120, 'K', 'kyu', 'degré, grade.', 'degré, grade.', '', '', '', '', 1, 'O', 0, 3, '00000000000000000000000000000000', 61, 0, '', '', 'JJD', 20070423175625),
(123, 1, 123, 'M', 'maaï', 'distances, intervalles.', 'distances, intervalles.', '', '', '', '', 1, 'O', 0, 3, '00000000000000000000000000000000', 11, 0, '', '', 'JJD', 20070410140313),
(127, 1, 127, 'M', 'maki', 'rouleau.', 'rouleau.', '', '', '', '', 1, 'O', 0, 3, '00000000000000000000000000000000', 11, 0, '', '', 'JJD', 20070410140313),
(129, 1, 129, 'M', 'mata', 'cuisse.', 'cuisse.', '', '', '', '', 1, 'O', 0, 3, '00000000000000000000000000000000', 11, 0, '', '', 'JJD', 20070410140313),
(130, 1, 130, 'M', 'mawashi', 'autour, tourner.', 'autour, tourner.', '', '', '', '', 1, 'O', 0, 3, '00000000000000000000000000000000', 11, 0, '', '', 'JJD', 20070410140313),
(133, 1, 133, 'M', 'menkyo keiden', 'titre honorifique décerné par les grands maîtres à leurs élèves qu\'ils considèrent dignes de perpétuer l\'art qu\'ils enseignent.', 'titre honorifique décerné par les grands maîtres à leurs élèves qu\'ils considèrent dignes de perpétuer l\'art qu\'ils enseignent.', '', '', '', '', 1, 'O', 0, 3, '00000000000000000000000000000000', 11, 0, '', '', 'JJD', 20070410140313),
(134, 1, 134, 'M', 'michi', '(Michibiki), guider, conduire.', '(Michibiki), guider, conduire.', '', '', '', '', 1, 'O', 0, 3, '00000000000000000000000000000000', 11, 0, '', '', 'JJD', 20070410140313),
(137, 1, 137, 'M', 'mokuto', '(Boxo), plier silencieusement.', '(Boxo), plier silencieusement.', '', '', '', '', 1, 'O', 0, 3, '00000000000000000000000000000000', 11, 0, '', '', 'JJD', 20070410140313),
(138, 1, 138, 'M', 'mukae', 'aller au devant de.', 'aller au devant de.', '', '', '', '', 1, 'O', 0, 3, '00000000000000000000000000000000', 11, 0, '', '', 'JJD', 20070410140313),
(144, 1, 144, 'N', 'nage', 'jeter, lancer, projeter.', 'jeter, lancer, projeter.', '', '', '', '', 1, 'O', 0, 3, '01000000000000000000000000000000', 16, 0, '', 'Bases', 'JJD', 20070601144751),
(150, 1, 150, 'N', 'nanahon', 'septième.', 'septième.', '', '', '', '', 1, 'O', 0, 3, '00000000000000000000000000000000', 16, 0, '', '', 'JJD', 20070423203334),
(151, 1, 151, 'N', 'ne', 'de Neru, allonger, coucher par terre.', 'de Neru, allonger, coucher par terre.', '', '', '', '', 1, 'O', 0, 3, '00000000000000000000000000000000', 16, 0, '', '', 'JJD', 20070423203334),
(154, 1, 154, 'N', 'nigiri', 'poignée, empoignée.', 'poignée, empoignée.', '', '', '', '', 1, 'O', 0, 3, '00000000000000000000000000000000', 16, 0, '', '', 'JJD', 20070423203334),
(155, 1, 155, 'N', 'nihon', 'deuxième.', 'deuxième.', '', '', '', '', 1, 'O', 0, 3, '00000000000000000000000000000000', 16, 0, '', '', 'JJD', 20070423203334),
(158, 1, 158, 'N', 'nuki', 'fer de lance.', 'fer de lance.', '', '', '', '', 1, 'O', 0, 3, '00000000000000000000000000000000', 16, 0, '', '', 'JJD', 20070423203334),
(159, 1, 159, 'N', 'narashi', 'de Narasu, apprivoiser, dompter.', 'de Narasu, apprivoiser, dompter.', '', '', '53/289/332', '53/289/332', 1, 'O', 0, 3, '00000000000000000000000000000000', 17, 0, '', '', 'JJD', 20070513012451),
(162, 1, 162, 'O', 'omote', 'Surface, endroit, recto.', 'Surface, endroit, recto.', '', '', '', '', 1, 'O', 0, 3, '00000000000000000000000000000000', 14, 0, '', '', 'JJD', 20070410140313),
(163, 1, 163, 'O', 'osae', 'de osaeru, restreindre, limiter.', 'de osaeru, restreindre, limiter.', '', '', '', '', 1, 'O', 0, 3, '00000000000000000000000000000000', 14, 0, '', '', 'JJD', 20070410140313),
(173, 1, 173, 'R', 'ro', 'six.', 'six.', '', '', '', '', 1, 'O', 0, 3, '00000000000000000000000000000000', 13, 0, '', '', 'JJD', 20070410140313),
(174, 1, 174, 'R', 'roppon', 'sixième.', 'sixième.', '', '', '', '', 1, 'O', 0, 3, '00000000000000000000000000000000', 13, 0, '', '', 'JJD', 20070410140313),
(176, 1, 176, 'R', 'ryu', 'école.', 'école.', '', '', '', '', 1, 'O', 0, 3, '00000000000000000000000000000000', 13, 0, '', '', 'JJD', 20070410140313),
(177, 1, 177, 'S', 'sabaki', 'de Sabaku, canaliser.', 'de Sabaku, canaliser.', '', '', '332', '332', 1, 'O', 0, 3, '00000000000000000000000000000000', 16, 0, '', '', 'JJD', 20070410140313),
(180, 1, 180, 'S', 'sammaeto', 'position de garde, sabre à l\'étui, (No To).', 'position de garde, sabre à l\'étui, (No To).', '', '', '', '', 1, 'O', 0, 3, '00000000000000000000000000000000', 14, 0, '', '', 'JJD', 20070410140313),
(188, 1, 188, 'S', 'sayo', 'côté, latéral.', 'côté, latéral.', '', '', '', '', 1, 'O', 0, 3, '00000000000000000000000000000000', 14, 0, '', '', 'JJD', 20070410140313),
(193, 1, 193, 'S', 'shi', 'maître, homme.', 'maître, homme.', '', '', '', '', 1, 'O', 0, 3, '00000000000000000000000000000000', 14, 0, '', '', 'JJD', 20070410140313),
(194, 1, 194, 'S', 'shikko', 'marcher humblement, marche à genou.', 'marcher humblement, marche à genou.', '', '', '8/335', '8/335', 1, 'O', 0, 3, '00000000000000000000000000000000', 21, 0, '', '', 'JJD', 20070410140313),
(209, 1, 209, 'S', 'shu', 'moyen.', 'moyen.', '', '', '', '', 1, 'O', 0, 3, '00000000000000000000000000000000', 14, 0, '', '', 'JJD', 20070410140313),
(213, 1, 213, 'S', 'soku', 'pieds, souliers.', 'pieds, souliers.', '', '', '', '', 1, 'O', 0, 3, '00000000000000000000000000000000', 14, 0, '', '', 'JJD', 20070410140313),
(217, 1, 217, 'S', 'sukkui', 'de Sukkuto, se relever Sur ses pieds précipitamment.', 'de Sukkuto, se relever Sur ses pieds précipitamment.', '', '', '', '', 1, 'O', 0, 3, '00000000000000000000000000000000', 14, 0, '', '', 'JJD', 20070410140313),
(223, 1, 223, 'T', 'tachi', 'position debout.', 'qualifie la position soit de garde soit en mouvement, comme tachi waza, hamni han tacachi.', '', '', '', '', 1, 'O', 0, 3, '00000000000000000000000000000000', 11, 0, '', '', 'JJD', 20070410140313),
(224, 1, 224, 'T', 'tachi', 'sabre plus long que le Katana.', 'Tachi ou Dachi est un sabre plus long que le Katana.porté soit en bandoulière dans le dos, soit sur lae cheval.', '', '', '', '', 1, 'O', 0, 3, '00000000000000000000000000000000', 11, 0, '', '', 'JJD', 20070410140313),
(226, 1, 226, 'T', 'tai', 'pendant, en même temps.', 'pendant, en même temps.', '', '', '332', '332', 1, 'O', 0, 3, '00000000000000000000000000000000', 14, 0, '', '', 'JJD', 20070410140313),
(234, 1, 234, 'T', 'tare', 'partie de l\'armure.', 'partie de l\'armure.', '', '', '', '', 1, 'O', 0, 3, '00000000000000000000000000000000', 11, 0, '', '', 'JJD', 20070410140313),
(235, 1, 235, 'T', 'tatamis', 'natte, tapis d\'entraînement.', 'natte, tapis d\'entraînement.', '', '', '', '', 1, 'O', 0, 3, '00000000000000000000000000000000', 11, 0, '', '', 'JJD', 20070410140313),
(238, 1, 238, 'T', 'tekubi', 'poignet.', 'poignet.', '', '', '', '', 1, 'O', 0, 3, '00000000000000000000000000000000', 11, 0, '', '', 'JJD', 20070410140313),
(240, 1, 240, 'T', 'ten', 'le ciel.', 'le ciel.', '', '', '', '', 1, 'O', 0, 3, '00000000000000000000000000000000', 11, 0, '', '', 'JJD', 20070410140313),
(241, 1, 241, 'T', 'tenkan', 'changer de direction, mouvement effectué avec un pivot du corps, négatif.', 'changer de direction, mouvement effectué avec un pivot du corps, négatif.', '', '', '', '', 1, 'O', 0, 3, '00000000000000000000000000000000', 11, 0, '', '', 'JJD', 20070410140313),
(248, 1, 248, 'T', 'tori', 'de Toru, saisir, prendre.', 'de Toru, saisir, prendre.', '', '', '', '', 1, 'O', 0, 3, '00000000000000000000000000000000', 11, 0, '', '', 'JJD', 20070410140313),
(258, 1, 258, 'U', 'uke', 'de ukeru, recevoir, chuteur.', 'de ukeru, recevoir, chuteur.', '', '', '', '', 1, 'O', 0, 3, '00000000000000000000000000000000', 7, 0, '', '', 'JJD', 20070410140313),
(262, 1, 262, 'U', 'ushiro', 'arrière, derrière.', 'arrière, derrière.', '', '', '', '', 1, 'O', 0, 3, '00000000000000000000000000000000', 7, 0, '', '', 'JJD', 20070410140313),
(265, 1, 265, 'W', 'waki', 'côte, à côte de.', 'côte, à côte de.', '', '', '', '', 1, 'O', 0, 3, '00000000000000000000000000000000', 6, 0, '', '', 'JJD', 20070410140313),
(270, 1, 270, 'Y', 'yari', 'lance.', 'lance.', '', '', '', '', 1, 'O', 0, 3, '00000000000000000000000000000000', 10, 0, '', '', 'JJD', 20070410140313),
(272, 1, 272, 'Y', 'yoï', 'préparer, prêt.', 'préparer, prêt.', '', '', '332', '332', 1, 'O', 0, 3, '00000000000000000000000000000000', 12, 0, '', '', 'JJD', 20070410140313),
(277, 1, 277, 'Y', 'yuki', 'aller, se rendre.', '<p>traduit aussi par: se croiser sans se rencontrer.</p>', '', '', '', '', 1, 'O', 0, 3, '00000000000000000000000000000000', 10, 0, '', '', 'JJD', 20070410140313),
(3, 1, 3, 'A', 'aligato', 'Je suis votre obligeant.', 'Formule de politesse.', '', '', '', '', 1, 'O', 0, 3, '00010000000000000000000000000000', 99, 0, '', 'Etiquette', 'JJD', 20070601144751),
(286, 1, 286, 'A', 'Aïkibudo', 'La voie de l\'harmonie des énergies des arts guerriers.', 'Ecole d\'aïkido qui se démarque par son attachement aux arts martiaux traditionnels, comme kenJussu, le daïtoRyu Aïkijutsu... En France cette école est dirigée par Mr. Alain Floquet et est rattachée à la F.F.A.A.A. .', '', '', '285/98', '285/98', 1, 'O', 0, 3, '00001000000000000000000000000000', 99, 1, '', 'Histoire', 'JJD', 20070601144751),
(284, 1, 284, 'l', 'name', 'shortdefinition', 'definition', '', '', '', '', 1, 's', 0, 3, '00000000000000000000000000000000', 0, 0, '', '', 'JJD', 20070410140313),
(287, 1, 287, 'D', 'Dôzô', 'S\'il vous plait', 'Formule de politesse.', '', '', '3/182', '3/182', 1, 'O', 0, 3, '00000000000000000000000000000000', 10, 0, '', '', 'JJD', 20070410140313),
(288, 1, 288, 'A', 'Ashi baraï', 'Technique de balayage des jambes.', 'Technique utilisé en judo qui consiste à faire un balyage des jambes.', '', '', '5/10', '5/10', 1, 'O', 0, 3, '00000000000000000000000000000000', 98, 0, '', '', 'JJD', 20070513012451),
(289, 1, 289, 'T', 'taï sabaki', 'Esquive', 'Les taïsabaki sont l\'emsemble des esquives utilisées en aîkido. Ils sont complétés dan la pratique par les aruku qui sont les techniques de déplacement. Ils font partie des bases essentielles de la pratique.', '', '', '4/53/54/128/143/148/159/332/335', '4/53/54/128/143/148/159/332/335', 1, 'O', 0, 3, '11111100000000000000000000000000', 19, 1, '', 'Technique - Bases - Kata - Etiquette - Histoire - Philosophie', 'JJD', 20070601144751),
(329, 1, 329, 'S', 'sensei ni rei', 'Slaluer le maître', 'Odre donné pour saluer le maître ou le professeur..', '', '', '325/328/170/330/326/191/195/327', '325/328/170/330/326/191/195/327', 1, 'O', 0, 2147483647, '00010000000000000000000000000000', 17, 0, '', 'Etiquette', 'JJD', 20070601144751),
(330, 1, 330, 'R', 'rei', 'saluer, salut, suivre l\'exemple.', '<p class="itemText">Le salut en aïkido se fait au début et à la fin du cours.<br /> Il est composer en général des ordres suivants:<br /><strong>- seiza</strong>: tout le monde se met à genoux<br /><strong>- Shomen ni rei</strong> ou <strong>Sensei ni rei</strong>: salut au(x) professeur(s)<br /><strong>- Otagaï ni rei</strong>: Salut en tre éléves<br />- Le(s) professeurs se relève(nt)<br /><strong>- Kiritsu</strong>: tout le mond se relève.<br /><br />Il ne faut pas oublier qu\'à l\'origine c\'est une discipline martiale, et que le salut est un peu l\'équivalent pour ceux qui on fait leur service militaire, du rassemblement avec l\'appel su matin et du soir.</p>Odre donné pour saluer debout ou à genoux..<br />Il est souvent utilisé pour donner l\'ordre à deux partenaires de se saluer avant un kumité.', '', '', '325/165/328/170/326/329/195/327', '325/165/328/170/326/329/195/327', 1, 'O', 0, 2147483647, '00010000000000000000000000000000', 17, 1, '', 'Etiquette', 'JJD', 20070601144751),
(328, 1, 328, 'O', 'otaïgaï ni rei', 'Saluer', 'Ordre donné pour se saluer les uns les autres.', '', '', '325/329/195/330', '325/329/195/330', 1, 'O', 0, 2147483647, '00000000000000000000000000000000', 15, 0, '', '', 'JJD', 20070513012451),
(327, 1, 327, 'S', 'shomen ni rei', 'Saluer le(s) maître(s)', 'Ordre donné pour saluer le ou les maîtres.', '', '', '325/326/329/195/330', '325/326/329/195/330', 1, 'O', 0, 2147483647, '00011000000000000000000000000000', 16, 0, '', 'Etiquette - Histoire', 'jjd', 20070601144751),
(325, 1, 325, 'K', 'kirisu', 'Debout', 'Ordre donné à la fin du salut pour se relever.', '', '', '165/328/170/326/329/327/195/330', '165/328/170/326/329/327/195/330', 1, 'O', 0, 2147483647, '00010000000000000000000000000000', 68, 0, '', 'Etiquette', 'JJD', 20070601144751),
(326, 1, 326, 'S', 'Seiza', 'a genoux', 'Ordre donné au début dut salut, pour se mettre en position à genoux..', '', '', '325/329/195/327/330', '325/329/195/327/330', 1, 'O', 0, 2147483647, '00010000000000000000000000000000', 15, 0, '', 'Etiquette', 'JJD', 20070601144751),
(332, 1, 332, 'O', 'O irimi', 'grande Esquive en avancant la jambe arrière', 'Esquive consistant à avancer la jambe arrière suivi d\'un narashi sur cette jambe.', '', '', '4/53/54/70/71/72/74/128/143/148/159/177/225/226/289/272', '4/53/54/70/71/72/74/128/143/148/159/177/225/226/289/272', 1, 'O', 0, 2147483647, '00010000000000000000000000000000', 27, 1, '', 'Etiquette', 'JJD', 20070601144751),
(335, 1, 335, 'T', 'tsugi ashi', 'Marcher en glissant.', 'Marcher en gardant toujours le même pied devant, et en glissant.<br />Peut se faire en poussant avec le pied arrière, ou au contraire en tirant sur le pied avant.<br />Cette technique de marche est notamment utilisée en kendo.', '', '', '8/194/289', '8/194/289', 1, 'O', 0, 2147483647, '00000000000000000000000000000000', 6, 0, '', '', 'JJD', 20070513012451),
(359, 3, 355, 'Z', 'zzzzzzzzzzzzzzz', 'zzzzzzzzzzzzz', 'zzzzzzzzzzzzzz', '', '', '', '', 1, 'B', 0, 2147483647, '00000000000000000000000000000000', 0, 0, '', '', 'jjd', 20070513020021),
(340, 4, 1, 'M', 'Minoru MOCHIZUKI', '', '<table cellpadding="4" width="100%" border="0"><tr><td valign="top" align="center" width="19%"><img style="width: 142px; height: 200px" src="http://ace.wakasensei.fr/_aikido/portraits/Minoru_Mochizuki1.jpg" border="0" /></td><td valign="top" width="81%">Maître MINORU MOCHIZUKI est né en 1907 à Shizuoka. Son grand père était le dernier descendant d\'une lignée de Samourai et enseignait l\'art du sabre. Le père de Mochizuki Minoru en revanche n\'était qu\'un simple paysan qui fut d\'abord l\'élève du grand père avant de devenir son gendre et de prendre son nom. Le père étant venu s\'établir à Tokyo, le jeune Minoru y commença l\'étude du Judo dès l\'âge de 5 ans, chez Me TAKEBE.</td></tr></table>', '<a href="http://www.aikibudo.com/akbd/version_fr/05_maitres_ref/mochizuki.htm">http://www.aikibudo.com/akbd/version_fr/05_maitres_ref/mochizuki.htm</a>', '', '', '', 1, 'O', 0, 2147483647, '11111011100000000000000000000000', 0, 0, '', 'Aïkido - Aïkibudo - Iaïdo - Kobudo - Kendo - Jujitsu', 'jjd', 20070601144751),
(341, 4, 341, 'H', 'Hiroo Mochizuki', '', '<p>Né le 21 mars au Japon. Ce dernier est issu d\'une famille de samouraïs. Son père était un grand expert des sports de combats : Maître Minoru Mochizuki est en autre le créateur du Aïki-Jujitsu (synthèse de son étude des techniques de judo et d\'Aïkido adaptée par lui- même).<br /><br />En savoir plus:<br /><a href="http://www.yoseikan.asso.fr/doc/hiroo.php">http://www.yoseikan.asso.fr/doc/hiroo.php</a></p>', '', '', '', '', 1, 'O', 0, 2147483647, '00100000000000000000000000000000', 0, 0, '', 'Iaïdo', 'jjd', 20070601144751),
(342, 4, 342, 'T', 'Takeda Sokaku', '', '<p>Takeda Sokaku est né en 1858 au sein du Han d\'Aizu. Dans ce clan guerrier,célèbre pour sa tradition martiale, il reçoit dès son enfance une éducationaxée sur le Bujutsu destinée à faire de lui un samouraï.<br /><br />En savoir plus:<br /><a href="http://www.aikibudo.com/akbd/version_fr/05_maitres_ref/takeda.htm">http://www.aikibudo.com/akbd/version_fr/05_maitres_ref/takeda.htm</a></p>', '', '', '', '', 1, 'O', 0, 2147483647, '00100000000000000000000000000000', 0, 0, '', 'Iaïdo', 'jjd', 20070601144751),
(343, 4, 343, 'U', 'UESHIBA MORIHEI', '', 'Maître UESHIBA MORIHEI est né le 14 décembre 1883, à TANABE, près d\'OSAKA. De faible constitution, ses parents l\'encouragèrent à poursuivre des activités physiques, telles que le Sumo et la natation. A vingt ans, il se rend à Tokyo et étudie les anciennes techniques de Ju-Jitsu, en particulier celle de l\'École Kito. Parallèlement, il pratique le Ken-Jutsu (sabre) dans un dojo de Shinkage Ryu.<br /><br />En savoir plus:<br /><a href="http://www.aikibudo.com/akbd/version_fr/05_maitres_ref/ueshiba.htm">http://www.aikibudo.com/akbd/version_fr/05_maitres_ref/ueshiba.htm</a><br /><a href="http://www.aikido-france.net/ueshiba/">http://www.aikido-france.net/ueshiba/</a><br />', '', '', '', '0', 1, 'O', 0, 2147483647, '00100000000000000000000000000000', 0, 0, '&nbsp;<img src=\'images/arrows/medium/arrow6.gif\'>&nbsp;0', 'Iaïdo', 'jjd', 20070601144751),
(344, 4, 344, 'S', 'SUGINO YOSHIO', '', 'Maître SUGINO est né dans la 37 ème année de l\'ère MEIJI, soit 1904, dans la province de CHIBA. Sa famille avait l\'autorisation de posséder des armes anciennes comme le YARI ou le KATANA, au titre de trésors de famille.<br /><br />En savoir plus:<br /><a href="http://www.aikibudo.com/akbd/version_fr/05_maitres_ref/sugino.htm">http://www.aikibudo.com/akbd/version_fr/05_maitres_ref/sugino.htm</a>', '', '', '', '0', 1, 'O', 0, 2147483647, '00100000000000000000000000000000', 0, 0, '&nbsp;<img src=\'images/arrows/medium/arrow6.gif\'>&nbsp;0', 'Iaïdo', 'jjd', 20070601144751),
(345, 4, 345, 'A', 'ALAIN FLOQUET', '', '<p>Maître Alain Floquet est né le 18 décembre 1939 à Paris. <br />Il a neuf ans lorsqu\'il fait ses débuts dans le judo. En 1957, il aborde l\'étude de l\'aïkido et du karaté. <br />Il pratique également le kendo et participe brillamment au championnat du monde de cette discipline, qui se tient à Tokyo en 1970.</p><p>Aujourd\'hui, Maître Floquet est 8e Dan Kyoshi d\'Aïkibudo, 7e dan de Katori Shinto Ryu, 5e dan Iaï Jutsu Yoseikan Shinto Ryu, Kyoju Daïri de Daïto Ryu Aïki Jujutsu (décerné par le Soke Takeda Munemitsu)</p>', '<a href="http://www.aikibudo.com/akbd/version_fr/04_cadres_tech/af01.htm">http://www.aikibudo.com/akbd/version_fr/04_cadres_tech/af01.htm</a><br /><a href="http://www.lembrun.com/lembrun-site/maitres/floquet.htm">http://www.lembrun.com/lembrun-site/maitres/floquet.htm</a>', '', '', '0', 1, 'O', 0, 2147483647, '10000000000000000000000000000000', 0, 0, '&nbsp;<img src=\'images/arrows/medium/arrow6.gif\'>&nbsp;0', 'Aïkido', 'jjd', 20070601144751),
(346, 4, 346, 'C', 'CLAUDE JALBERT', '', 'Président d\'honneur de la F.F.A.A.A. et su C.E.R.A., Claude jalbert est de ceux qui ont contribué à la création de la FFAAA comme cadre de l\'Aïkibudo.<br />Président de la commission des grades puis co-président jusqu\'en 2001, il vient d\'^tre promu 7ème dan.<br />il est également à 82 ans aujourd\'hui, le président de l\'Unioin fraternelle et sportive de Vaucresson-Marne.<br /><br />En savoir plus:<br /><a href="http://www.aikido.com.fr/ressources_0506/claude-jalbert.pdf">http://www.aikido.com.fr/ressources_0506/claude-jalbert.pdf</a>', '', '', '', '0', 1, 'O', 0, 2147483647, '10000000000000000000000000000000', 0, 0, '&nbsp;<img src=\'images/arrows/medium/arrow6.gif\'>&nbsp;0', 'Aïkido', 'jjd', 20070601144751),
(347, 4, 347, 'M', 'Morihiro SAITO', '', '<div>Ayant vécu vingt-quatre ans aux côtés du fondateur, <strong>Morihiro SAITO Sensei</strong>, <strong>9e Dan</strong>, était celui qui étudia le plus longtemps sous sa direction.<br /><br />SAITO Sensei fut le seul véritable spécialiste des armes de l\'Aïkido et sa méthode pour l\'apprentissage de celles-ci est devenue la référence dans le monde entier. Egalement expert incomparable dans les techniques à mains nues, Maître SAITO mettait l\'accent sur la relation existant entre ces deux aspects de la pratique, respectant ainsi le fondement même de l\'Aïkido créé par Maître UESHIBA. </div>', '<a href="http://www.aikido-france.net/saito/">http://www.aikido-france.net/saito/</a>', '<p><a href="http://www.aikido-france.net/saito/"></a></p>', '', '', 1, 'O', 0, 2147483647, '00100000000000000000000000000000', 0, 0, '', 'Iaïdo', 'jjd', 20070601144751),
(348, 4, 348, 'T', 'Tamura Shihan', '', 'Nobuyoshi TAMURA est né le 2 mars 1933 à Osaka. Il commence très tôt la pratique des arts martiaux et devient rapidement l\'un des disciples les plus proches de O Senseï Moriheï Ueshiba, fondateur de l\'aïkido.Tamura Shihan a consacré sa vie depuis 1964, date à laquelle il s\'établit en France, à construire l\'Aïkido européen ; il est aujourd\'hui le délégué de l\'Aïkikaï de Tokyo pour l\'Europe. C\'est un grand privilège pour l\'Europe et plus particulièrement pour la France de bénéficier de son enseignement. Le classicisme de sa technique est apprécié dans le monde entier. Nul autre ne pouvait tracer voie plus authentique. Sa réputation en Aïkido n\'est plus à faire. Son efficacité hors du commun, malgré une frêle silhouette, provoque chez tous ceux qui l\'approchent un profond respect. Respect pour son Aïkido noble et élevé, mais aussi pour sa façon de l\'enseigner avec coeur et justesse.', '', '', '', '', 1, 'O', 0, 2147483647, '00000000010000000000000000000000', 0, 0, '', 'Karaté Wdo ryu', 'jjd', 20070601144751),
(349, 4, 349, 'M', 'Masamichi NORO', '', 'Masamichi NORO rencontre Maître Morihei UESHIBA, fondateur de l\'aïkido. De 1955 à 1961, il étudie l\' aïkido auprès de Maître UESHIBA en tant que pensionnaire (UCHI-DESHI), à Tokyo et au Dojo d\'Iwama. <br />1961 A la demande de Morihei UESHIBA, Masamichi NORO quitte le Japon avec le titre de Délégué officiel de l\'Aïkikaï de Tokyo pour l\'Europe et l\'Afrique. Il arrive en France à Marseille le 3 septembre 1961.', '<a href="http://www.kinomichi.com/">http://www.kinomichi.com/</a>', '', '', '', 1, 'O', 0, 2147483647, '00100000000000000000000000000000', 0, 0, '', 'Iaïdo', 'jjd', 20070601144751),
(350, 4, 350, 'A', 'André Nocquet', '', '', '', '', '', '', 1, 'O', 0, 2147483647, '10000000000000000000000000000000', 0, 0, '', 'Aïkido', 'jjd', 20070601144751),
(351, 3, 1, 'L', 'Le guides des arts martiaux - Les secrets des samo', 'Oascar Ratti - Adèle Wesbrook', '<font size="5"><img style="margin-bottom: 5px; width: 142px; margin-right: 10px; height: 200px" src="http://ace.wakasensei.fr/_aikido/livres/guide%20des%20arts%20martiaux.jpg" align="left" border="0" />Le guides des arts martiaux</font><strong><font face="Arial" size="2"><br />Les secrets des samouraïs </font></strong><font face="Arial" size="2">constitue une étude complète des arts martiaux japonais à l\'époque féodale. Cet ouvrage décrit en détail les armes, techniques, stratégies et principes de combat qui ont contribué à faire du guerrier japonais un adversaire redoutable. C\'est le seul livre de ce genre en occident.</font> <p><font face="Arial" size="2">Dans la première partie de leur ouvrage, les auteurs retracent les luttes tumultueuses pour l\'obtention de la suprématie politique et décrivent l\'ascension aussi fascinante qu\'inexorable des militaires à la conquéte du pouvoir absolu. Les secrets des samouraïs examine ensuite en détail les principaux arts martiaux et évoque leur évolution à travers les maîtres d\'armes et guerriers célèbres.</font></p><p><font face="Arial" size="2">Puis l\'ouvrage en vient à traiter des méthodes d\'entraînement peu connues (généralement considérées comme ésotériques ou même d\'origine divine) permettant le développement de la puissance interne du combattant et la concentration de son énergie. En nous livrant ce panorama, des origines à nos jours, les auteurs du livre nous offrent la possibilité de comprendre l\'engouement actuel pour les anciens arts martiaux que connaissent presque tous les pays.</font></p><p><font face="Arial" size="2">Les secrets des samouraïs présente un vaste aperçu des divers arts martiaux, avec ou sans arme, pratiqués au Japon. Cette étude est particulièrement valable de nos jours dans un monde où l\'on cherche à comprendre et à résoudre le problème de la violence.</font></p><p><font face="Arial" size="2">Les collectionneurs d\'armes et d\'armures seront passionnés par la lecture des secrets des samouraïs et par l\'aide inestimable qu\'il apporte à l\'identification des armes et équipements des japonais.</font></p>', 'Un des premier livres en français qui répertories les différentes disciplines, les armes et armures, ....<br />Pas de photos, mais très riches en  dessin très réaliste.', '', '', '', 1, 'O', 0, 2147483647, '10000000000000000000000000000000', 0, 0, '', 'Livre', 'jjd', 20070608150010),
(353, 3, 352, 'I', 'IAÏDO', 'Le tranchant du sabre', '<font face="Garamond" size="4"><img style="margin-bottom: 10px; width: 133px; margin-right: 10px; height: 200px" src="http://ace.wakasensei.fr/_aikido/livres/iaido%20le%20%20tranchant%20du%20sabre.jpg" align="left" border="0" />Pierre DELORME nous avait enchanté avec son premier ouvrage « Dôjô le temple du sabre » (éd. SOLAR). Son livre « KENDÔ, la Voie du sabre » (éd. Lettres du monde) a convaincu les pratiquants les plus exigeants du sérieux de ses connaissances et de sa compétence en matière d\'escrime au sabre japonais. </font><p><font size="4">IAÏDO, premier ouvrage en Occident sur cette discipline exhaltante est, comme ses livres précédents, un instrument de référence : à la fois très complet et très précis. Les photos magnifiques, notamment celles du prestigieux Maître Okada Morihiro (le professeur de Pierre DELORME), les illustrations variées techniques et amusantes en font un ouvrage indispensable non seulement pour les pratiquants de sabre, mais- pour tous les BUDÔKA (pratiquants d\'Arts Martiaux) pour faire vivre le sabre (c\'est-à-dire couper réellement) il faut faire vivre les hanches, ce qui est le fondement de tous les Arts Martiaux</font>...</p>', '', '', '', '0', 1, 'O', 0, 2147483647, '10000000000000000000000000000000', 0, 0, '', 'Livre', 'jjd', 20070608142112),
(354, 3, 354, 'L', 'Le sare et le divin', 'Katori shinto ryu', '<p><img style="margin-bottom: 5px; width: 150px; margin-right: 10px; height: 200px" src="http://ace.wakasensei.fr/_aikido/livres/le_sabre_et_le_divin.jpg" align="left" border="0" />Depuis sa création il y a plus de cinq cents ans, la Katori Shinto-ryu, source du kobudo traditionnel, a formé de nombreux maîtres, bien davantage encore d\'escrimeurs et a donné naissance à de nombreuses écoles. <br />Durant la période féodale où la classe guerrière était au pouvoir, elle avait acquis une grande réputation, car elle promouvait l\'idée que le busbi - le guerrier - ne devait pas se limiter simplement à l\'acquisition de la technique mais se devait de posséder une certaine culture.</p><p>Cette conception des arts martiaux traditionnels est aujourd\'hui largement diffusée, et nombre d\'écoles à la mode en commençant par celle de la sphère aïki l\'ont adoptée.</p><p>La Katori Shinto-ryu est fière de constater que sa technique a fait des adeptes et qu\'elle est aujourd\'hui aussi largement diffusée. Mais alors que ses techniques ont été convenablement conservées, sa dimension spirituelle est quant à elle délaissée. C\'est pourtant, maintenant plus que jamais qu\'il faut transmettre le sens des kobudo, héritage culturel du peuple japonais, aux générations futures.</p><p>Le but affiché de cet ouvrage est de permettre à l\'esprit des arts guerriers de jouer son rôle dans la civilisation matérialiste qui est la nôtre. Pour ce faire, Otake Sensei est un intervenant de premier ordre.</p>', 'Attention, la version japonaise est en 3 volumes cartonnés, la version française  existe en 2 versions souples, chacune en 1 volume, mais l\'une est complète l\'autre non.<br />C\'est un recueil de photos sur les katas de l\'école katori Shinto Ryu.<br />Pas de commentaire à part l\'introduction, mais dans sa version complète, tous les kata y figurent (ken, bo, naginata, ...).<br />Un excellent aide mémoire, mais n\'espérez pas y découvrir comment faire.<br />Je le conseil malgré tout car c\'est un très bon référentiel. ', '', '', '', 1, 'O', 0, 2147483647, '10000000000000000000000000000000', 0, 0, '', 'Livre', 'jjd', 20070608150245),
(366, 5, 1, 'A', 'A.C.E.', 'Aïkido Club de l\'Essonne', '', '', '', '', '', 1, 'O', 0, 2147483647, '01110000010000000000000000000000', 3, 0, '', 'Aïkibudo - Iaïdo - Kobudo - Karaté Wdo ryu', 'jjd', 20070608073849),
(355, 4, 351, 'J', 'Jim Alcheck', '', '<img style="margin-bottom: 5px; width: 142px; margin-right: 10px; height: 200px" src="http://ace.wakasensei.fr/_aikido/portraits/Jim_Amcjek1.jpg" align="left" border="0" />En 1951, Maître MOCHIZUKI Minoru fut envoyé en Europe pour une mission culturelle officiel. Pendant deux années il fit découvrir l\'art de son maître, selon sa propre expérience martiale sous le nom d\'AIKIDO-JUJUTSU. A son retour au Japon, Maître MochizukiI forma un jeune judoka français, Jim ALCHEIK, dans son dojo le YOSEIKAN qui signifie "Maison de l\'éducation et de la droiture". <br /><br />En 1957, Jim Alcheik revenant du Japon représenta officiellement en Europe l\'Aïkido Jujutsu du Yoseikan et créa la Fédération Française d\'Aïkido-Taijitsu et de kendo. Alain FLOQUET devint l\'un de ses assistants. Jim ALCHEIK disparut tragiquement en 1962.', '<a href="http://www.aikibudo.com/">http://www.aikibudo.com/</a><br /><a href="http://ace.wakasensei.fr/modules/lexique/letter.php?idLexique=3&amp;letter=E&amp;limite=0">L\'encyclopédie des arts martiaux</a>', '', '', '', 1, 'O', 0, 2147483647, '11010000000000000000000000000000', 0, 0, '', 'Aïkido - Aïkibudo - Kobudo', 'jjd', 20070608154230),
(358, 1, 358, 'N', 'Nombres', 'nombres japonais', '  <table style="height: 100px" cellspacing="1" cellpadding="1" width="629" border="1"><tr><td width="22"> </td><td width="84"><strong>Japonais</strong></td><td width="61"><strong>Français</strong></td><td width="4" rowspan="11"> </td><td width="22"> </td><td width="103"><strong>Japonais</strong></td><td width="63"><strong>Français</strong></td><td width="4" rowspan="11"> </td><td width="38"> </td><td width="66"><strong>Japonais</strong></td><td width="96"><strong>Français</strong></td></tr><tr><td width="22"><p align="right">1</p></td><td width="84">-ICHI</td><td width="61">-Un</td><td width="22"><p align="right">11</p></td><td width="103">-JUICHI</td><td width="63">-Onze</td><td align="center" width="38" bgcolor="#ffffff"><p align="right"><font color="#000000">22</font></p></td><td width="66">-NIJUNI</td><td width="96">-Vingt et Deux</td></tr><tr><td width="22"><p align="right">2</p></td><td width="84">-NI</td><td width="61">-Deux</td><td width="22"><p align="right">12</p></td><td width="103">-JUNI</td><td width="63">-Douze</td><td align="center" width="38"><p align="right">30</p></td><td width="66">-SANJU</td><td width="96">-Trente</td></tr><tr><td width="22"><p align="right">3</p></td><td width="84">-SAN</td><td width="61">-Trois</td><td width="22"><p align="right">13</p></td><td width="103">-JUSAN</td><td width="63">-Dix + trois</td><td align="center" width="38"><p align="right">40</p></td><td width="66">-YONJU (shiju)</td><td width="96">-Quarante</td></tr><tr><td width="22"><p align="right">4</p></td><td width="84">-SHI (yon)</td><td width="61">-Quatre</td><td width="22"><p align="right">14</p></td><td width="103">-JUSHI</td><td width="63">-Quatorze</td><td align="center" width="38"><p align="right">50</p></td><td width="66">-GOJU</td><td width="96">-Cinquante</td></tr><tr><td width="22"><p align="right">5</p></td><td width="84">-GO</td><td width="61">-Cinq</td><td width="22"><p align="right">15</p></td><td width="103">-JUGO</td><td width="63">-Quinze</td><td align="center" width="38"><p align="right">60</p></td><td width="66">-ROKUJU</td><td width="96">-Soixante</td></tr><tr><td width="22"><p align="right">6</p></td><td width="84">-ROKU</td><td width="61">-Six</td><td width="22"><p align="right">16</p></td><td width="103">-JUROKU</td><td width="63">-Seize</td><td align="center" width="38"><p align="right">70</p></td><td width="66">-HICHIJU</td><td width="96">-Soixante-dix</td></tr><tr><td width="22"><p align="right">7</p></td><td width="84">-HICHI</td><td width="61">-Sept</td><td width="22"><p align="right">17</p></td><td width="103">-JUHICHI</td><td width="63">-Dix-sept</td><td align="center" width="38"><p align="right">80</p></td><td width="66">-HACHIJU</td><td width="96">-Quatre-vingts</td></tr><tr><td width="22"><p align="right">8</p></td><td width="84">-HACHI</td><td width="61">-Huit</td><td width="22"><p align="right">18</p></td><td width="103">-JUHACHI</td><td width="63">-Dix-huit</td><td align="center" width="38"><p align="right">90</p></td><td width="66">-KYUJU</td><td width="96">-quatre-vingt-dix</td></tr><tr><td width="22"><p align="right">9</p></td><td width="84">-KU (kyu)</td><td width="61">-Neuf</td><td width="22"><p align="right">19</p></td><td width="103">-JUKU (jukyu)</td><td width="63">-Dix-neuf</td><td align="center" width="38"><p align="right">100</p></td><td width="66">-HYAKU</td><td width="96">-Cent</td></tr><tr><td width="22"><p align="right">10</p></td><td width="84">-JU</td><td width="61">-Dix</td><td width="22"><p align="right">20</p></td><td width="103">-NIJU</td><td width="63">-Vingt</td><td align="center" width="38"><p align="right">1000</p></td><td width="66">-SEN</td><td width="96">-Mille</td></tr></table>', '', '', '', '', 1, 'O', 0, 2147483647, '00000000000000000000000000000000', 3, 1, '', '', 'jjd', 20070530125433),
(360, 3, 360, 'E', 'Encyclopédie des arts martiaux', 'Gabrielle et Rolland HABERSETZER', '<table cellpadding="4" width="100%" border="0"><tr><td valign="top" align="center" width="19%"></td><td valign="top" width="81%"><p align="center"><font face="Arial" size="2"></font></p></td></tr></table><p align="center"><strong><font size="5"><font size="5"><img style="margin-bottom: 5px; width: 153px; margin-right: 10px; height: 232px" alt="  " src="http://ace.wakasensei.fr/_aikido/livres/EncyclopedieArtsMartiaux.jpg" align="left" />L\'encyclopédie des arts martiaux</font>de l\'extrême orient</font> </strong></p><p><font face="Arial" size="2">Déjà vendue à plu<br />s de 10 000 exemplaires, cette encyclopédie, unique au monde, est devenue une référence incontournable. Dans cette quatrième édition entièrement revue et enrichie, Gabrielle et Roland Habersetzer proposent plus de 1000 entrées inédites, de nouvelles illustrations et de nombreuses réactualisations de définitions existantes.</font></p><p><font face="Arial" size="2">Les TECHNIQUES, les CONCEPTS, les HISTOIRES, les HOMMES, les ÉCOLES, les STYLES, le FOND CULTUREL</font></p><p><font face="Arial" size="2"><br />au Japon, en Chine, à Okinawa, en Corée, en Inde, en Indonésie, en Birmanie, au Vietnam, en Malaisie, aux Philippines et en Thaïlande.<br />Aikido, Aiki-jutsu, Bagua-quan, Batto-jutsu, Bersilat, Budo, Bo-jutsu, Bu-jutsu, Hapkido, laido, lai-jutsu, Jo-jutsu, Judo, lu-jutsu, Juken-jutsu, Kalaripayat, Karaté, Kempo, Kendo, Ken-jutsu, Ko-budo, Kung-fu, Kyudo, Kyu-jutsu, Nin-jutsu, Nunchaku-jutsu, Okinawate, Penjak-Silat, Qi-gong, Quan-fa, Qwankido, Sai-jutsu, Shaolin-quan, Shorinji-kempo, Sumo, Taekwondo, Taji-quan, Tai-jutsu, Tode, Tonfa-jutsu, Vajramukti, Vovinam, Wushu, Yabusame, Xin-yi-quan, etc.<br />Plus de 7700 termes référencés dans une oeuvre exceptionnelle, indispensable à toute personne intéressée par les arts martiaux.</font></p>', 'Une mine d\'informations sur toutes les disciplines d\'extème orient.<br />On y trouve de tout un peu sur tous les sujet, technique, histoire, , un livre à consulter en permanence.<br />Seul sujet traité succintement et avec des manques (Moriei Ueshiba par exemple) les grandes figures des arts martiaux ne sont pas répertoriés complètement, mais elle le snt dans un autre livres qui porte le même nom tout aussi riche d\'informations en tout genre.<br />Je le conseille fortement.', '<p></p>', '', '', 1, 'O', 0, 2147483647, '10000100000000000000000000000000', 0, 0, '', 'Livre - Encyclopédie', 'jjd', 20070608141823),
(364, 3, 363, 'B', 'Bushido, la voie des samourïs', 'Rinaldo Massi', '<p><font face="Arial" size="2"><img style="margin-bottom: 5px; width: 142px; margin-right: 10px; height: 200px" src="http://ace.wakasensei.fr/_aikido/livres/bushido_la_voie_des%20samourai.jpg" align="left" border="0" />L\'exotisme aidant, l\'ancien Japon est redevenu à la mode, ces dernières années, en Occident. Le mot « Zen », par exemple, fait désormais partie du vocabulaire courant et évoque « automatique-ment » des moines méditant en posture assise, des jardins épousant admirablement les formes de la nature, la poésie délicate et subtile des haikai, un sentiment de tranquillité sereine devant l\'évanescence des choses, une vie tout entière imprégnée d\'une élégance dépouillée. Malheureusement, cette estampe d\'un Épinal nippon ne nous renseigne guère sur les fondements de la spiritualité japonaise.<br />Fidèle à une orientation rigoureusement traditionnelle et reposant sur une connaissance directe de la culture japonaise, le bref mais dense essai de Rinaldo Massi se penche sur les sources spirituelles (shintô, bouddhisme zen, taoïsme et confucianisme) du bushidô et restitue à celui-ci sa signification la plus profonde : le bushidô comme « voie du samouraï », « tao du guerrier », ascèse conforme au mode d\'être d\'une caste. Le bushidô marqua si durablement la culture japonaise que les « projectiles humains » de Port-Arthur et les kamikazes de la Guerre du Pacifique apparaissent à juste titre comme ses dernières expressions.<br />Voici un essai qui montre combien la valeur d\'exemple du héros ne saurait être atteinte par la dérision et le ressentiment de ceux « qui dissertent dans les salons bourgeois tapissés de rouge ».Pardès</font></p>', '', '', '', '', 1, 'O', 0, 2147483647, '10000000000000000000000000000000', 0, 0, '', 'Livre', 'jjd', 20070608141138),
(362, 3, 362, 'L', 'Le sabre de vie', 'Heihõ Kadensho', '<img style="margin-bottom: 5px; width: 153px; margin-right: 10px; height: 232px" alt="  " src="http://ace.wakasensei.fr/_aikido/livres/le%20sabre%20de%20vie.jpg" align="left" />Le sabre de vie, de son titre japonais « Heihô Kadensho », est un des trois grands classiques de l\'escrime japonaise au côté du « Livre des cinq roues » de Miyamoto Musashi et du « Récit mystérieux de la sagesse immuable » (L\'esprit indomptable) de Takuan Soho.<p align="left">Alors que Takuan Soho, en tant que moine, met dans son récit l\'accent sur l\'aspect spirituel de l\'escrime, Miyamoto Musashi, escrimeur renommé, s\'attache au côté pragmatique. Yagyû Munenori tente d\'emprunter la ligne étroite qui sépare les deux extrêmes en proposant à la fois une approche philosophique de fond sur la pratique et la pratique elle-même en l\'illustrant d\'exemples concrets.<br />Le sabre de vie est pour celui qui s\'intéresse à l\'esprit du samouraï une source de connaissances indispensable.<br /><br />YAGYU Munenori (1571-1646), fut sans doute le plus grand maître de sabre de la maison des shôguns Tokugawa. Fils du célèbre maître de sabre fondateur de l\'école Yagyû Shinkage-ryû , Yagyû Sekishusai Muneyoshi (1527-1606), il devint, sur recommandation de son père, le maître de sabre des shôguns Tokugawa leyasu (1542-1616), Hidetaka (1579-1632) et lemitsu (1604-1651). Issu de la petite noblesse de la région de Kyoto, Munemori fut anobli en 1636, prit le titre de Tajima-no-Kami et fut le bras droit de lemitsu allant jusqu\'à contrôler, au nom du shôgun, les autres seigneurs. Il rencontra le célèbre moine Takuan Soho (1573-1645) à qui il inspira ses deux écrits Fudôchi-shinmyô-roku et Taiaki.</p>', '<p>A lire absoluement pour comprendre l\'évolution des arts martiaux japonais depuis leurs origines jusqu\'à nos jour, et pour mieux comprendre le côté tradotionnel de notre pratique.</p>', '<p></p>', '', '', 1, 'O', 0, 2147483647, '10000000000000000000000000000000', 0, 0, '', 'Livre', 'jjd', 20070608150123),
(361, 3, 361, 'P', 'Petite philosophie des arts martiaux', 'André Guigot', '<p><img style="margin-bottom: 10px; width: 153px; margin-right: 10px; height: 232px" alt="  " src="http://ace.wakasensei.fr/_aikido/livres/petit_philosophie_des_arts_martiaux.gif" align="left" />L\'histoire des arts martiaux est riche et multiple. Comment une telle science du combat, souvent destinée à vaincre, au moins à se défendre, peut-elle nous faire accéder à une vraie sagesse ? La philosophie occidentale cultive, par goût et par tradition, la faculté de "penser", de créer des concepts. <br />Les arts martiaux nous invitent à une démarche complémentaire, consistant à fortifier notre corps, pour libérer l\'esprit du poids de la vie moderne. Et la paix intérieure que la pratique martiale engendre n\'est pas un mythe. L\'art du combat suscite bien des passions. Il est présent partout et peut déterminer notre vie.<br />Cet essai s\'adresse à tous ceux qui ont envie de mieux connaître l\'univers et l\'histoire des arts martiaux, à travers les divers chemins de sagesse qu\'ils proposent. Le karaté, l\'aïkido, le taekwondo, le kung-fu ne seront peut-être plus des noms barbares, et la sagesse non plus.</p>', '<p>Docteur en philosophie, André Guigot est professeur à Nantes. Il est l\'auteur de <em>Petite philosophie de la passion amoureuse</em> et de <em>La Sagesse des jours</em>, parus dans la collection "Pause Philo".</p>', '<p></p>', '', '', 1, 'O', 0, 2147483647, '10000000000000000000000000000000', 0, 0, '', 'Livre', 'jjd', 20070608150638),
(363, 4, 356, 'Y', 'YAGYU Munenori', 'grand maître de sabre de la maison des shôguns Tokugawa.', 'YAGYU Munenori (1571-1646), fut sans doute le plus grand maître de sabre de la maison des shôguns Tokugawa. Fils du célèbre maître de sabre fondateur de l\'école Yagyû Shinkage-ryû , Yagyû Sekishusai Muneyoshi (1527-1606), il devint, sur recommandation de son père, le maître de sabre des shôguns Tokugawa leyasu (1542-1616), Hidetaka (1579-1632) et lemitsu (1604-1651). Issu de la petite noblesse de la région de Kyoto, Munemori fut anobli en 1636, prit le titre de Tajima-no-Kami et fut le bras droit de lemitsu allant jusqu\'à contrôler, au nom du shôgun, les autres seigneurs. Il rencontra le célèbre moine Takuan Soho (1573-1645) à qui il inspira ses deux écrits Fudôchi-shinmyô-roku et Taiaki.', '', '', '', '', 1, 'O', 0, 2147483647, '00000000010000000000000000000000', 0, 0, '', 'Karaté Wdo ryu', 'jjd', 20070601144751),
(365, 3, 365, 'L', 'Le guide marabout de l\'aïkido et du kendo', 'Tony Thielemans', '<p><font face="Arial" size="2"><img style="margin-bottom: 5px; width: 142px; margin-right: 10px; height: 200px" src="http://ace.wakasensei.fr/_aikido/livres/guideMaraboutAikido.jpg" align="left" border="0" />L\'AÏKIDO est à la fois un sport, un art et une discipline inspirée des techniques de combat des samouraï. Au même titre que le judo et le karaté, il assure la souplesse du corps et de l\'esprit, apprend à parer l\'attaque d\'un adversaire et donne à ses adeptes une remarquable maîtrise de soi.<br />LE KENDO, le dernier venu en Occident des arts martiaux japonais, est pour la première fois iciexpliqué en langue française.</font></p>', '<p>Un peu verbeux dans l\'explication des mouvements compensé par des photos à toutes les pages.<br />Il a été cependant une des première bible de l\'aïkido pour un prix très modeste.<br />Le chapitre sur le kendo est une excelent entrée en matière pour cette discipline, ainsi que pour les pratiquants de kobudo.<br /><br />Il n\'est plus édité, mais il est possible de le trouver encore, dans des ventes de livres d\'occasions.</p>', '<p><font face="Arial" size="2">UNE TRADITION, UN ART, UN SPORT<br />Dans l\'héritage que nous a légué le Japon traditionnel, les arts martiaux occupent une place importante. L\'Occident commence seulement à découvrir lu richesse et l\'originalité de ce que nous appelons aujourd\'hui un sport, mais qui, pour des générations de samouraï, constituait, sinon une raison ale vivre. à tout le moins une vocation déterminante. Certes, les Européens connaissent le judo et le ka-raté, mais l\'aïkido et, plus encore, le kendo, restent pour eux mystérieux.<br />Ces deux techniques de combat relèvent directement du code d\'honneur des samouraï. On n\'y voit trop souvenu qu\'une technique de self-défense. C\'est une grave erreur. Car, comme nous le soulignons plus d\'une fois dans le présent ouvrage, l\'aïkido et le kendo ne procurent pas qu\'une simple set-urne. Comme tous les arts martiaux. ils proposent ù ceux qui les pratiquent assiduiment une règle cle vie, morale non monts que physique. (es sports — ou ces arts — rejoignent ainsi l\'esprit du yoga auquel pourtant on n\'assigne pas uniquement le ride d\'un entrainement physique.<br />C\'est dire que l\'aïkido et le kendo méritent au plus haut point de retenir l\'attention de tous ceux qui sont férus d\'arts martiaux.</font></p>', '', '', 1, 'O', 0, 2147483647, '10000000000000000000000000000000', 0, 0, '', 'Livre', 'jjd', 20070608150511),
(367, 3, 366, 'L', 'La défense individuelle de soi-même ou d\'autrui', 'Alain Floquet', '<p align="center"><img style="margin-bottom: 5px; width: 142px; margin-right: 10px; height: 200px" src="http://ace.wakasensei.fr/_aikido/livres/deLAikidoModerneALAikibudo.jpg" align="left" border="0" /><strong>La Pratique AIKIBUDÔ</strong></p><p>La pratique de l\'AIKIBUDO inclut en plus du très grand nombre de techniques manuelles de défense à mains nues ou contre armes, des Kobudo traditionnels tel que le KENJUTSU, le IAIJUTSU, le BO et JO-JUTSU, la NAGINATA-JUTSU, etc...</p><p>Le travail aux armes enseigne la distance et le sens du combat réel qui seul peut éveiller les qualités de courage et de vaillance du caractère BU. Les défenses manuelles sont directes, rationnelles, réalistes, efficaces, et effectuées sur toutes sortes d\'attaque. Le style est court, esthétique et peut à volonté être amplifié. Cet enseignement intègre la recherche intérieure de l\'état d\'AIKI dans sa forme originelle.<br />La Tradition AIKIBUDÔ</p><p>Les écoles d\'AIKIBUDO perpétuent l\'enseignement d\'origine et traditionnel des techniques et concepts diffusés par le Grand Maître TAKEDA Sokaku et par son disciple UESHIBA Morihei avant la 2e guerre mondiaie.</p><p>Au Japon, l\'AIKIBUDÔ originel et traditionnel poursuit son chemin sous son nom d\'origine DAITO RYU AIKI BUDO. Sa direction en est assurée par le Maître héritier TAKEDA Tokimune, fils du grand Maître TAKEDA Sokaku.</p><p>En parallèle, la transmission de la forme AIKIBUDÔ issue du Maître UESHIBA Morihei, se fait à travers l\'enseignement d\'un certain nombre de ses "disciples" d\'avant la 2e guerre mondiale, tels que les Maîtres MOCHIZUKI Minoru, INOUE Yo Ichiro, IRAI Minoru, et bien d\'autres encore.</p><p>En France et en Europe, l\'Aikibudô s\'est développé et fait connaître sous le nom générique d\'Aikido. Sous ce nom il en représentait la forme originelle. Elle est enseignée par le Groupe CERA (I) qui perpétue son acquis ancestral.</p><p>C\'est le Maître MOCHIZUKI Minoru, disciple des Grands Maîtres KANO Jigoro et MIFUNE Kyuzo pour le judo, UESHIBA Morihei pour le Daitô-Ryu Aikijujutsu, Aiki-bujutsu, Aikidô et SHIINA Ichizo, ITOO Tanekichi et KUBOKI Sôzaémon pour le Kobudô Katori Shintô Ryu, qui introduisit l\'Aikidô-Aikibudô en France et en Europe dès 1951. Il était alors 8e Dan MENKYO KAIDEN de DAITO RYU AIKI BU JUTSU du Maître UESHIBA, le plus haut grade qu\'il partageait à l\'époque avec le Maître TOMIKI.</p><p>Par son action il est à l\'origine du développement en France et en Europe, de l\'Aikidô-Aikibudô. Son premier grand disciple européen, Jim ALCHEIK, créa à son retour du Japon en 1957, la Fédération Française d\'Aikidô-Taijitsu et Kendô (F.F.A.T.K.) officialisant ainsi l\'enseignement de son Maître.</p><p>C\'est la succession de ce mouvement initial qu\'assume le CERA. Jim ALCHEIK ayant été mon Maître, celui qui me fait découvrir (\'Aikidô-Taijitsu du Yoseikan et le Maître MOCHIZUKI Minoru. Jim ALCHEIK est mort accidentellement en 1962.</p><p>Depuis le mois de Juillet 1983 l\'Aikibudô est co-discipline officielle de la Fédération Française d\'Aikido, d\'Aikibudô et Affinitaires (FF.AAA). (Il)</p><p>J\'assume donc, au sein du CERA, de la FF.AAA. et de l\'IMAF, pour la France et l\'Europe, la mission de développer l\'AIKIBUDO, conformément aux responsabilités qui m\'ont été confiées : pour la forme originelle par le Maître TAKEDA Tokimune, et pour la forme évolutive par le Maître MOCHIZUKI Minoru.</p>', '<p align="left">Le référenrenciel par excelence de la pratique de l\'aïkibudo.<br />au travers de superbes dessins de E. Cressin ce livre décrit le programme du débutant au premier dan.<br />Il est regrettable qu\'il soir devenu introuvable et qu\'il ne sera probablement pas rééditer .<br />Si vous avez l\'occasion de vous le procurer, n\'ésiter pas  jetter vous dessus.</p><p align="right">J°J°D</p>', '', '', '', 1, 'O', 0, 2147483647, '10000000000000000000000000000000', 0, 0, '', 'Livre', 'jjd', 20070608145846),
(369, 3, 369, 'L', 'Le tam-bo - Le bâton arme de défence', 'Jean Zin', '<p><img style="margin-bottom: 5px; width: 142px; margin-right: 10px; height: 200px" src="http://ace.wakasensei.fr/_aikido/livres/le_tambo_jean_zin.jpg" align="left" border="0" />L\'enseignement de l\'AIKI-DO n\'est pas prodigué au Japon comme en Occident. Pour en donner une idée, Maître ABE m\'a conté ce fait véridique :<br />L\'Amiral TAKISHIDA pratiquait assidûment cet art chez Maître UESHIBA. Désireux de bien faire, il notait tous les mouvements pour ne rien oublier, jusqu\'au jour où, ayant rempli plusieurs cahiers, il ne pût même plus relire ses notes, tant les détails y abondaient... et jeta tous ses écrits.<br />Pour donner plus de poids à cette anecdote, Maître ABE continua :<br />Un enfant partant dans un autre pays que le sien parlera la nouvelle langue en fort peu de temps, tandis que ses parents seront . obligés de l\'étudier avec une grammaire. Cette exemple signifiant que l\'Aiki-Dô n\'est pas une discipline abécédaire, mais une méthode globale. Pour éclairer mon point de vue occidental, je demandais à mon professeur combien de temps il avait étudié l\'Aiki-Dô avec le vénéré Maître MORIHEI UESHIBA ?<br />— Sept ans, me répondit-il.<br />A combien d\'heures par jour ?<br />— Cela dépendait des jours; 1 heure, 5 heures, 8 heures, il n\'y avait pas de temps déterminé.<br />Je fis un calcul rapide. Admettant une moyenne de 4 heures par jour X 300 jours x 7 années, je trouvais 8 400 heures de travail pratique.<br />Je fis ensuite le même décompte pour le travail d\'un Occidental.<br />A raison de 3 heures d\'entraînement par semaine pour dix mois par an, je trouvais 120 heures. Ce qui implique que pour travailler le même nombre d\'heures, et acquérir les mêmes connaissances, il faudrait 8 400 heures 120 = 70 ans de pratique assidue (ce qui représente une vie entière). Etant donné qu\'en France la persévérance est une qualité rare, qu\'il est plus facile d\'oublier et de déformer les mouvements, Maître Tadashi ABE a compris qu\'il était indispensable pour les Occidentaux d\'avoir une méthode écrite et de s\'y rapporter pour unifier l\'instruction de tous les clubs qui pratiquent l\'Aiki-Dô. Voilà la raison pour laquelle les premiers ouvrages de vulgarisation ont été écrits, avec le maximum de photos.<br />Si je suis tout à fait d\'accord avec l\'idée de mon Professeur qui affirme que n\'importe quel mouvement peut être étudié par un élève, sans aucune discrimination de grade (même s\'il n\'a pas suivi les cours précédents), je pense que cette façon de s\'entraîner est valable pour l\'élève qui travaille suffisamment longtemps pour voir beau-coup. Je ne parle pas de mes connaissances, mais de celles de Maître T. ABE que je place aux plus hauts sommets et que lui-même n\'évalue pas au centième de la technique pratiquée par le Maître Vénéré Morihei UESHIBA.<br />Si l\'on pense que Maître T. ABE était déjà gradé en Judo (5e Dan) Karaté (3e) Kendo (2e) qu\'il avait étudié la lutte japonaise, etc. etc., on se rend compte de l\'écart de technique qui existe. Essayer de faire un rapport avec nos faibles connaissances et le peu de temps que nous pouvons lui consacrer est une véritable gageure.<br />Comment pouvons-nous faire dans ces conditions, si nous n\'avons pas une « grammaire » qui étale une étude progressive pour nous aider à conserver ce qu\'un élève japonais apprend directement au contact du vénéré Maître et de ses disciples, s\'il va travailler sous leur direction pendant des années, quatre ou cinq heures d\'étude quotidienne.<br />L\'esprit du pratiquant japonais n\'est absolument pas le même que celui qui anime l\'élève européen. Pour le premier nommé, le temps n\'a de valeur que par rapport à ce qu\'il veut obtenir. Pour l\'Occidental, qui ne lui consacre que quelques heures par semaine, il ne vise qu\'une seule chose : les grades.<br />C\'est par esprit de compréhension que le Maître Vénéré a con-senti à voir éditer une méthode cartésienne qui n\'a de valeur que pour les Occidentaux, réalisant ainsi une unification et un plan de travail général indispensable pour la France, car tous les élèves ne sont pas dans la même ville ni sous le contrôle du même professeur. Bien sûr, c\'est toujours la même méthode qui est pratiquée, même si de nombreux clubs enseignent un programme de mouvements et de règles, tandis que d\'autres pratiquent une gamme différente de prises. Chaque école a bien des connaissances précises qui pourront se compléter plus tard par recoupement, mais personne ne peut suivre la même progression, ni le même enseignement. Avec des ouvrages simplifiés au maximum, tous les pratiquants des centres d\'Aiki-Dô pourront parler le même langage, lorsqu\'ils se trouveront entre eux.<br />Il est donc indispensable que soient enseignées les principales phases de travail, avec un certain nombre de mouvements positifs et négatifs. Par contre, il serait absolument faux de croire que ces livres contiennent toute la méthode du vénéré Maître qui applique plus de 5 000 mouvements.<br />Il faudrait écrire plus de 100 livres pour décrire l\'Aiki-Dô et ses techniques, ce qui est absolument impossible. Cela ne pourrait d\'ail-leurs servir qu\'à un noyau extrêmement faible d\'élèves japonais, mais personne ne pourrait les assimiler en France car l\'écart des valeurs est trop grand.<br />L\'intérêt de ces ouvrages réside simplement dans l\'aide qu\'ils apportent à l\'élève comme précieux aide-mémoire des mouvements décrits dans un ordre chronologique, afin que, grâce à l\'expérience acquise sur le tapis, ils puissent entrevoir toutes les possibilités de cet art merveilleux qu\'est l\'Aiki-Dô.</p>', 'Ce livre est surprenant par son contenu comme tous ceux du même auteur..<br />Outre le éveloppement de la technique du tam-bo on y trouve des sujets étaonnants qui sont développés tout au long des trois volumes. Cela peut paraitre incongru, mais j\'ai personnellement une une affectoin particulière pour ces ouvrages de part les sujets traités comme:<br />- La salut<br />- Valeur du grade<br />- Rythme cardiaque<br />- L\'entrainement et l\'étidiant<br />- La respiration<br />- Le cerveau en aïkido<br />- La femme et l\'aïkido<br />- Ect ...<br />Je les conseille tout particulièrement pour cela.', '', '', '', 1, 'O', 0, 2147483647, '10000000000000000000000000000000', 0, 0, '', 'Livre', 'jjd', 20070608150353),
(368, 3, 368, 'D', 'De l\'aïkido moderne à l\'aïkibudo', 'Alain Floquet', '<p><img style="margin-bottom: 5px; width: 142px; margin-right: 10px; height: 200px" src="http://ace.wakasensei.fr/_aikido/livres/LaDefenseIndividuele.jpg" align="left" border="0" />Il ne semble pas nécessaire de vous entretenir de la violence qui émaille la vie dans les grandes zones urbaines. La presse, chaque jour, se fait l\'écho de lamentables exemples qui illustrent ce phénomène.</p><p>Si cet ouvrage vous intéresse, c\'est que déjà votre réflexion personnelle vous a poussé de l\'analyse conjoncturelle au désir d\'apprendre une technique de sauvegarde : celle de la self-défense.</p><p>Je me propose de vous enseigner cette technique de protection personnelle, mais aussi celle du contrôle de vos réactions et de la maîtrise de vos émotions qui décident, ce que peut être vous savez déjà, de la réussite ou de l\'échec de toutes actions entreprises.</p><p>Il serait erroné de croire que, par la simple lecture de cet ouvrage, ou encore par une pratique même journalière des techniques qu\'il contient, je ferai de vous un être invulnérable. L\'expérience enseigne la raison, et l\'invulnérabilité, le complexe du "Superman", relève plus de la mythologie que de la réalité. C\'est vers le but plus raisonnable d\'assurer votre sécurité et, autant que faire se peut, la sécurité de votre entourage que doit tendre mon enseignement et votre démarche.</p><p>En effet, quand bien même vous seriez par ces techniques théoriquement invincible, quelle serait votre réaction face à l\'engagement réel si la peur, la surprise, l\'émotion ou la timidité vous figeaient sur place et rendaient inutilisable votre formation au combat ?<br />La réussite ou l\'échec dépend essentiellement de l\'individu et non de l\'art ou de la technique qu\'il pratique. Un très beau combattant à la technique parfaite, s\'il ne maîtrise pas ses émotions, peut-être rapidement vaincu par un être déterminé quelles que soient ses compétences martiales.</p><p>Si face au danger vous ne maîtrisez pas vos émotions, vous n\'opposerez à la main qui vous agresse qu\'une défense théorique.</p><p>Un bon jardinier amende son terrain pour en faire une terre riche et, en fonction de sa nature et de la saison, choisit avec science et amour les semences adéquates.</p><p>A son instar, un bon enseignant de self-défense doit préparer psychologiquement et physiquement ses élèves avant de leur donner la matière technique correspondant le mieux à leur caractère propre (morphologique et psychologique) en regard des différentes situations qu\'ils pourraient rencontrer.</p><p>Ici, sur mes conseils, vous serez simultanément élève et professeur. Il vous appartient donc de vous découvrir et de prendre la mesure de votre force mentale ou psychique et de vos possibilités physiques.</p><p>Homme ou femme, vos possibilités physiques, donc de défense, dépendent de votre morphologie et de votre condition physique, et ne peuvent s\'exprimer pleinement que par votre force mentale ou psychique relative à votre caractère ou tempérament.<br />Lorsque vous aurez cerné objectivement votre personnalité mentale et physique, il vous appartiendra de vous harmoniser à la matière délivrée dans les pages qui suivent, en prenant grand soin de respecter scrupuleusement les conseils qui y figurent. Puis par un entraîne-ment régulier de 15 à 20 minutes par jour, vous augmenterez graduellement vos connaissances jusqu\'à assimilation parfaite des techniques et moyens de défense indiqués dans les différents textes.</p><p>Notez qu\'un entretien de votre acquis sera nécessaire pour conserver les automatismes techniques et le bon reflexe de défense.<br />Pour permettre une bonne assimilation de ces techniques et moyens de défense, j\'ai choisi de privilégier l\'expression graphique sur des textes réduits à l\'essentiel afin d\'obtenir le maximum d\'impact dans la préparation psychologique et la mémorisation kinésthésique nécessaire à l\'étude de la self-défense.</p><p>Ce programme de self-défense est établi pour permettre à chacun, selon ses possibilités, d\'avoir dans le maximum des cas le meilleur réflexe de défense.</p><p>En plus d\'une information préventive, par la description des réflexes élémentaires de sécurité, il offre à tous les moyens d\'une riposte harmonisable aux règles de la légitime défense définies par les articles 328 et 329 du Code Pénal.</p><p>Enfin, ce n\'est pas une panacée miraculeuse.</p><p>C\'est un instrument de travail et son contenu une arme de défense utilisable efficace-ment à la seule condition d\'une étude sérieuse et d\'une pratique régulière.</p><p>Ainsi, lorsque après en avoir étudié les différents chapitres, fractionnés en 10 leçons dont vous respecterez scrupuleusement la progression, vous aurez l\'impression d\'en réinventer la matière, cet ouvrage aura été pour vous un pas de plus vers la sécurité, le monde libre et la sérénité.</p><p>Suivez-moi pas à pas avec conviction et détermination. Au travail et bon courage.</p>', '<p>A noter que c\'est un des très rares livres à exposer l\'aspect juridique des disciplines de combats, classement des armes, la légitime défence, l\'article 329....<br />Par ailleurs il resitue la pratique de l\'aïkibudo au sein des diférentes ramifications de l\'aïkido, et son positionnement par rapport à l\'aïkido de Maître Ueshiba.<br />Outre l\'aspect technique au travers d\'excellents dessins de Alain Korkos, , c\'est un livre de référence que je recommande.</p><p align="right">J°J°D</p>', '', '', '', 1, 'O', 0, 2147483647, '10000000000000000000000000000000', 0, 0, '', 'Livre', 'jjd', 20070608145611),
(370, 3, 370, 'L', 'L\'Aïkido - L\'arme et l\'esprit du samouraï', 'Tadashi Abe', '<p><img style="margin-bottom: 5px; width: 142px; margin-right: 10px; height: 200px" src="http://ace.wakasensei.fr/_aikido/livres/jeanZin_L_Aikido2.jpg" align="left" border="0" />Depuis que Maître Morihei Ueshiba a lancé l\'Aïki-Do au Japon, cet art a pris un extraordinaire essor, le nombre de ses adhérents va sans cesse croissant dans le monde entier.<br />A différentes reprises, mes élèves m\'ont invité à écrire un livre sur l\'Aïki-Do pour les aider à diriger leur instruction et étoffer leurs connaissances. Si je ne l\'ai pas fait, c\'est que l\'ignorance de. l\'art de la langue française et de la codification définitive de l\'Aïki-Do ne me permettaient pas d\'entreprendre cet ouvrage très délicat pour réussir à le mettre à la portée des Français.<br />J\'ai été très heureux que M. Jean Zin se soit chargé de réaliser non pas ma méthode, mais celle de mon vénéré Maître Morihei Ueshiba, adaptée par une codification à l\'esprit Occidental, chose qui était très difficile à réaliser pour un Japonais qui n\'avait pas les mêmes conceptions sur le mental, ni les mêmes us et coutumes nationaux.<br />Je n\'aurais jamais patronné le livre que M. Zin a réalisé s\'il n\'avait gardé intégralement l\'esprit et la technique que mon Maître m\'avait inculqués. C\'est aussi parce que j\'ai constaté que cet ouvrage était clair et explicite, chose très difficile à réaliser, que j\'ai accepté de préfacer et de féliciter M. Zin de la manière dont il s\'est joué des difficultés, en gardant intact l\'esprit de l\'Aïki-Do dans un livre très intéressant qui va déclancher une émulation nouvelle pour notre art qui connaît en France une activité de plus en plus grande.<br />M. Zin a réussi à expliquer le côté « mental » de l\'Aïki-Do, ce qui prouve ses nombreuses connaissances, non seulement des arts japonais en général, mais également de « l\'esprit japonais ». Je n\'avais pas eu l\'occasion de lire ces explications dans aucun autre ouvrage traitant des arts martiaux Nippons, car le mental est pour le japonais une chose tellement naturelle dans son éducation familiale qu\'il est inutile de le mentionner dans un livre, ce qui n\'est pas le cas pour l\'Occident qui bien souvent ignore notre façon de voir.<br />C\'est vraiment le seul ouvrage mis à la disposition des élèves Français qui traite la méthode intégrale de mon maître, que certains experts japonais ont transformé en méthode personnelle, pour bénéficier à leur profit du succès que Maître Ueshiba a désiré voir étendre à tous les pratiquants sincères.<br />Dans l\'intérêt de l\'Aïki-Do, je remercie M. Zin de son travail et de son aide précieuse qui connaitra sa récompense dans le futur, lorsque notre art sera répandu dans les coeurs simples et généreux qui appliqueront la technique de mon vénéré Maître :<br />« La victoire par la Paix »</p><p align="center">Le délégué de l\'Aïki-Kaï du Japon en Europe :<br />TADASHI-ABE<br />6e Dan d\'Aïki-Do<br />Disciple du vénéré Maître<br />MORIHEI UESHIBA Créateur de l\'Aïki-Do</p>', 'Ce livre comme tous ceux du même auteur est surprenant par son contenu.<br />Outre le éveloppement de la technique de l\'aïkido on y trouve des sujets étaonnants qui sont dévelopés tout au long du livre. De sujets comme:<br />- La volonté<br />- Tenu d\'aïkido<br />- L\'aiïkido médical<br />- L\'enthousiasme<br />- Ect ...<br />Je les trouve interressant par les valeurs évoqués dans ces chapitre, qui aujourd\'hui hélas sont souvent oubliées.', '', '', '', 1, 'O', 0, 2147483647, '10000000000000000000000000000000', 0, 0, '', 'Livre', 'jjd', 20070608140152),
(371, 3, 371, 'L', 'L\'aïkido - La victoire par la paix', 'Tadashi Abe', '<p><img style="margin-bottom: 5px; width: 142px; margin-right: 10px; height: 200px" src="http://ace.wakasensei.fr/_aikido/livres/jean-zin-LaVictoireParLaPaix.jpg" align="left" border="0" />Certains camarades m\'ont demandé la raison qui m\'a poussé à m\'intéresser à l\'Aiki-Do. De prime abord, il semblerait qu\'un combat-tant ne puisse pas être attiré par un Art où, justement, la compétition ne figure pas. La vérité est tout autre. Je reproche à la compétition sportive de retirer le côté « défense pratique » aux réflexes codifiés qu\'elle oblige d\'acquérir pour les championnats.<br />Au tout début de ma carrière sportive, la variété des prises et la virilité — beaucoup plus prononcée qu\'actuellement — du règlement des compétitions me satisfirent.<br />Toutefois, je me rendis compte assez vite de leur insuffisance pour vaincre l\'action brutale d\'un agresseur n\'utilisant pas les attaques pratiquées sur un tapis de combat.<br />Réaliste, avant tout, ne tenant pas à recevoir une sévère correction dans une bagarre, comme ce fut le cas pour certains de nos cama-rades pourtant hauts-gradés en Judo, je décidai d\'étudier l\'Aiki-Do.<br />En toute franchise, mes débuts furent difficiles parce que j\'abordais cette discipline avec un esprit qui ne convenait pas. Je n\'en tirais donc pas les avantages tant physiques que moraux que j\'étais en droit d\'en attendre. Néanmoins, je persévérais en essayant d\'assimiler cet Art. Petit à petit, mes progrès devinrent sensibles.<br />Combien j\'eus raison ! Sans l\'Aiki-Do, je serais sans doute mort. Ni ma force physique, ni mon métier de Professeur de Judo, pratiqué dans la Police ou dans l\'Armée, ne m\'auraient tiré de la situation inextricable dans laquelle je fus plongé sans y avoir contribué en rien. De nombreux témoins dignes de foi peuvent témoigner de la véracité de cette déclaration. Un jour viendra, peut-être, où je pourrai être plus explicite.<br />Mes amis savent bien que je n\'ai ni prétention ni orgueil. Mais cette épreuve m\'incite à conseiller vivement à ceux qui ne connaissent pas l\'Aiki-Do de l\'étudier sincèrement avant de le dénigrer. Fasse le Ciel qu\'ils ne regrettent pas, un jour, d\'avoir méconnu ce conseil car, je le répète, un championnat est une chose, une agression en est une autre. Les réflexes du champion sont trop différents de ceux d\'un gangster pour qu\'ils puissent lui être d\'une utilité pratique au cours d\'une attaque.<br />Le second problème est celui de l\'impossibilité du champion à poursuivre une brillante carrière dans les grandes rencontres internationales après 35 ans et dans les combats nationaux, après 40 ans. A partir de ces âges, il s\'entraîne moins, presqu\'automatiquement. II s\'en suit une diminution de son ardeur combative et un ralentissement de ses réflexes préjudiciables devant un adversaire sournois.<br />Enfin, reste à coordonner le style de l\'Aiki-Do avec celui des autres arts de défense.<br />Seul, l\'Aiki-Do reste dans la voie de la souplesse. Son étude améliore non seulement la valeur technique de la compétition mais aussi la richesse du style.<br />Je regrette infiniment de n\'avoir pas connu l\'Aiki-Do beaucoup plus tôt. Je suis certain que sa pratique aurait grandement enrichi ma technique et que mes résultats sportifs auraient été encore meilleurs.<br />Je reste persuadé que beaucoup d\'autres regretteront de ne pas avoir fait l\'effort au bon moment pour s\'y intéresser. Il n\'est jamais trop tard pour bien faire et ma modeste expérience doit servir de leçon.<br />Je souhaite donc que ces quelques lignes attirent l\'attention sur les problèmes évoqués qui vous intéresseront un jour ou l\'autre.<br />Amis ! Cherchez donc, dès à présent, à approfondir cette science qui ne peut que vous apporter des satisfactions réelles dont vous apprécierez la grande valeur.</p><p align="center">Jean ZIN</p>', 'Ce livre comme tous ceux du même auteur est surprenant par son contenu.<br />Outre le éveloppement de la technique de l\'aïkido on y trouve des sujets étaonnants qui sont dévelopés tout au long du livre. De sujets comme:<br />- Positif et négatif<br />- Travaillons en commun<br />- Les points douloureux<br />- La victoire par la paix<br />- Ect ...<br />Je les trouve interressant par les valeurs évoqués dans ces chapitre, qui aujourd\'hui hélas sont souvent oubliées.', '', '', '', 1, 'O', 0, 2147483647, '10000000000000000000000000000000', 0, 0, '', 'Livre', 'jjd', 20070608135845),
(372, 3, 372, 'T', 'Techniques de budo en aïkido (Budo renshu)', 'Morihei Ueshiba', '<img style="margin-bottom: 5px; width: 142px; margin-right: 10px; height: 200px" src="http://ace.wakasensei.fr/_aikido/livres/TechniquedeBudoEnAikido.jpg" align="left" border="0" />BUDO RENSHU, ce témoignage des techniques de Budo du fondateur de l\'Aïkido qui nous parvient aujourd\'hui en langue française est en fait le plus ancien. Publié à Tokyo en 1933, BUDO RENSHU, donne à voir la pratique du Kobukan dojo où furent formés par Morihei Ueshiba, entre 1931 et le déclenchement de la guerre du Pacifique, les plus grands maîtres de l\'Aïkido.<br />A l\'origine de cet ouvrage se trouvent les croquis de Takako Kunigoshi, une des disciples du fondateur à cette époque, aide-mémoire qu\'elle réalisa d\'abord pour son propre usage. Par la suite, Morihei Ueshiba l\'encouragea à en faire un manuel qu\'il supervisa en y apportant ses suggestions et ses corrections.<br />La période d\'avant-guerre marque dans l\'oeuvre de Morihei Ueshiba une étape essentielle de la gestation de son art. Considéré avant sa disparition en 1969 comme l\'un des plus grands maîtres d\'arts martiaux du Japon, Morihei Ueshiba aura traversé le 2oème siècle en visionnaire léguant aux générations futures un moyen d\'auto-perfectionnement dépouillé de ses racines guerrières et religieuses.<br />Repères importants dans cet itinéraire exceptionnel, le texte et les illustrations du BUDO RENSHU, permettront à tous les adeptes de mieux connaître la genèse de l\'AÏkido et de mesurer le long chemin parcouru.<br />Document d\'une valeur historique sans comparaison, BUDO RENSHU à travers les poèmes de Morihei Ueshiba, le fondateur de l\'Aïkido permet de sentir plus encore l\'essence des techniques de Budo', 'N\'espérez pas apprendre le daïto ryu au travers de ce livre, mais c\'est un excelent recueil des techniques de cette école qui nécésssite beaucoup de travail personnel pour en extraire la quintescence.<br />C\'est surtout un des rares livres de maître Morihei Ueshiba dans lequel il délivre outre la technique, sa visoin de l\'aïkido notamment au travers de quelques poêmes.<br />Je le conseil fortement', '', '', '', 1, 'O', 0, 2147483647, '10000000000000000000000000000000', 0, 0, '', 'Livre', 'jjd', 20070608135545);

    